h3_address,rolling_30d_mean_norm,rolling_7d_mean_norm,tile_crime_density_percentile,tile_momentum,neighbor_lag_1d_norm,lag_1d
8826641903fffff,0.0,0.0,0.044340723453908985,1.810599784124535e-15,0.0,0.0
8826641905fffff,0.0,0.0,0.0011668611435239206,4.57711796424464e-54,0.0,0.0
8826641907fffff,0.0,0.0,0.08168028004667445,5.041290532454714e-05,0.0,0.0
882664190bfffff,0.0,0.0,0.08634772462077013,8.489643387837136e-05,0.0,0.0
882664190dfffff,0.0,0.0,0.12018669778296383,0.012625406416063871,0.0,0.0
8826641913fffff,0.1408517886116265,0.0,0.2660443407234539,0.8947017223180755,0.0,0.0
8826641915fffff,0.1408517886116265,0.0,0.20186697782963828,1.659209214951878,0.0,0.0
8826641917fffff,0.0,0.0,0.15519253208868145,0.2110408582720765,0.0,0.0
882664191dfffff,0.0,0.0,0.11318553092182031,0.0017363349077086584,0.0,0.0
8826641925fffff,0.0,0.0,0.010501750291715286,3.926268889960953e-40,0.0,0.0
8826641927fffff,0.0,0.0,0.07701283547257877,4.014516235448319e-05,0.0,0.0
882664192bfffff,0.0,0.0,0.12135355892648775,0.03993074657625903,0.0,0.0
8826641931fffff,0.0,0.0,0.08401400233372229,1.4316962897307883e-05,0.0,0.0
8826641933fffff,0.0,0.0,0.12485414235705951,0.0046757877699136275,0.0,0.0
8826641939fffff,0.281703577223253,0.6036505226212564,0.34772462077012833,1.4827324407549398,0.0,0.0
882664193bfffff,0.563407154446506,1.8109515678637693,0.5682613768961493,1.382547490286851,0.0,0.0
8826641941fffff,0.4225553658348795,0.6036505226212564,0.4294049008168028,1.1713047071502078,4.225553658348795,0.0
8826641943fffff,0.4225553658348795,0.0,0.3558926487747958,0.5221799747106737,0.0,0.0
8826641945fffff,0.0,0.0,0.08751458576429405,1.8604166699031257e-05,0.0,0.0
8826641949fffff,0.9859625202813854,0.0,0.7269544924154024,0.43234994347321326,0.0,0.0
882664194bfffff,0.1408517886116265,0.6036505226212564,0.3267211201866978,0.9443396937102775,4.225553658348795,0.0
882664194dfffff,0.1408517886116265,0.0,0.17386231038506417,1.4258399646179847,4.225553658348795,0.0
8826641955fffff,0.1408517886116265,0.0,0.27887981330221706,0.3798255275879065,0.0,0.0
882664195dfffff,0.0,0.0,0.13768961493582263,0.053887826734726384,0.0,0.0
8826641969fffff,0.281703577223253,0.6036505226212564,0.5519253208868145,0.6957376721376537,0.0,0.0
882664196dfffff,0.0,0.0,0.011668611435239206,8.669902845051278e-40,0.0,0.0
88266419e9fffff,0.1408517886116265,0.0,0.21586931155192532,0.23845384682384788,0.0,0.0
88266419edfffff,0.0,0.0,0.24387397899649943,0.16054055104875123,0.0,0.0
8826641b21fffff,0.4225553658348795,0.0,0.5204200700116686,0.4998591250635696,0.0,0.0
8826641b23fffff,0.563407154446506,1.2073010452425128,0.5122520420070011,1.0938654254173554,4.225553658348795,0.0
8826641b25fffff,0.7042589430581326,0.0,0.484247374562427,0.890531900452506,0.0,0.0
8826641b27fffff,0.4225553658348795,1.2073010452425128,0.3453908984830805,2.2876207472141283,4.225553658348795,0.0
8826641b29fffff,0.0,0.0,0.07817969661610269,3.573848428351832e-05,0.0,0.0
8826641b2bfffff,0.0,0.0,0.14352392065344224,0.013013545515127768,0.0,0.0
8826641b2dfffff,0.281703577223253,0.0,0.3395565927654609,0.6016901610797787,0.0,0.0
8826641b35fffff,0.281703577223253,0.0,0.42590431738623097,0.4419110525305559,4.225553658348795,0.0
8826641b37fffff,0.1408517886116265,0.0,0.15402567094515754,0.5693089304284459,0.0,0.0
8826641b61fffff,0.0,0.0,0.09684947491248541,0.0006666358478683785,0.0,0.0
8826641b65fffff,0.0,0.0,0.15635939323220538,0.07107971472024555,0.0,0.0
8826645201fffff,0.281703577223253,0.0,0.3663943990665111,0.9530396506963318,0.0,0.0
8826645203fffff,0.563407154446506,0.0,0.41073512252042005,1.13682003671091,0.0,0.0
8826645205fffff,0.1408517886116265,0.0,0.23337222870478413,0.28966159123505164,0.0,0.0
8826645207fffff,0.563407154446506,0.0,0.5577596266044341,0.6276464195703325,0.0,0.0
8826645209fffff,0.0,0.0,0.08051341890315053,1.5890968193866692e-05,0.0,0.0
882664520bfffff,0.563407154446506,0.6036505226212564,0.41423570595099185,1.3834169766465803,0.0,0.0
882664520dfffff,0.0,0.0,0.009334889148191364,3.22085733417398e-40,0.0,0.0
8826645211fffff,0.7042589430581326,0.6036505226212564,0.43873978996499413,1.5527851843593072,0.0,0.0
8826645213fffff,0.0,0.0,0.2147024504084014,0.21787119612119318,0.0,0.0
8826645215fffff,0.7042589430581326,0.6036505226212564,0.5227537922987164,1.117326441237875,0.0,0.3333333333333333
8826645217fffff,0.0,0.0,0.2952158693115519,0.12442478232838179,0.0,0.0
882664521bfffff,0.1408517886116265,0.0,0.3710618436406068,0.15513298216853716,4.225553658348795,0.0
882664521dfffff,0.1408517886116265,0.0,0.2380396732788798,0.25238540075539323,0.0,0.0
8826645223fffff,0.4225553658348795,0.0,0.2998833138856476,0.9065327451417543,0.0,0.0
8826645229fffff,0.0,0.0,0.073512252042007,1.112151082701772e-06,0.0,0.0
882664522bfffff,0.1408517886116265,0.0,0.29171528588098017,0.36775392238868165,0.0,0.0
8826645231fffff,0.1408517886116265,0.0,0.2602100350058343,0.5780867982187073,0.0,0.0
8826645235fffff,0.1408517886116265,0.0,0.2473745624270712,0.39384712968885566,0.0,0.0
8826645239fffff,0.1408517886116265,0.0,0.2310385064177363,1.4264915167545162,0.0,0.0
882664523bfffff,0.1408517886116265,0.0,0.28004667444574094,0.9331648354827506,0.0,0.0
882664523dfffff,0.1408517886116265,0.0,0.28354725787631274,0.9323132378485903,0.0,0.0
8826645251fffff,0.1408517886116265,0.0,0.35355892648774795,0.1703010783574118,0.0,0.0
8826645253fffff,0.0,0.0,0.16102683780630106,0.039132113012367596,4.225553658348795,0.0
8826645255fffff,0.1408517886116265,0.0,0.20070011668611434,0.2863739467466424,0.0,0.0
8826645257fffff,0.563407154446506,0.0,0.4959159859976663,0.7599198150560057,0.0,0.0
8826645259fffff,0.281703577223253,0.0,0.42823803967327895,0.5151617134564962,0.0,0.0
882664525bfffff,0.0,0.0,0.3057176196032672,0.12648673801168153,0.0,0.0
882664525dfffff,0.1408517886116265,0.0,0.22170361726954493,0.8942336907298986,0.0,0.0
8826645281fffff,0.1408517886116265,0.0,0.21120186697782964,1.3919498409602005,0.0,0.0
8826645283fffff,0.4225553658348795,0.0,0.323220536756126,0.7599745039157004,0.0,0.0
8826645289fffff,0.563407154446506,0.6036505226212564,0.48191365227537925,1.0222513137524445,0.0,0.0
882664528bfffff,0.4225553658348795,0.6036505226212564,0.3547257876312719,1.4587532656758466,0.0,0.0
8826645299fffff,0.1408517886116265,0.0,0.20536756126021002,0.6040528539706527,4.225553658348795,0.0
882664529dfffff,0.1408517886116265,0.0,0.22870478413068848,0.34805638258486105,0.0,0.0
88266452c1fffff,0.1408517886116265,0.0,0.1516919486581097,0.4892362237586905,0.0,0.0
88266452c3fffff,0.281703577223253,0.0,0.3488914819136523,0.7785411857758308,0.0,0.0
88266452c7fffff,0.845110731669759,0.6036505226212564,0.486581096849475,1.4727354355504643,0.0,0.0
88266452c9fffff,0.563407154446506,1.2073010452425128,0.455075845974329,1.5175539264353424,0.0,0.0
88266452cbfffff,0.1408517886116265,0.0,0.24970828471411902,0.2700149034038456,0.0,0.0
88266452cdfffff,0.281703577223253,1.2073010452425128,0.3908984830805134,1.7981417749890793,0.0,0.3333333333333333
88266452d1fffff,0.563407154446506,0.0,0.4807467911318553,0.5728035967020232,0.0,0.0
88266452d3fffff,0.281703577223253,0.6036505226212564,0.43757292882147025,0.9846162468614438,4.225553658348795,0.0
88266452d5fffff,0.563407154446506,0.6036505226212564,0.5297549591598599,1.1275765744797421,0.0,0.0
88266452d7fffff,0.281703577223253,0.0,0.36756126021003493,0.7108991861210647,0.0,0.0
88266452d9fffff,0.4225553658348795,0.0,0.45040840140023336,0.6674928900066522,0.0,0.0
88266452dbfffff,0.9859625202813854,1.2073010452425128,0.5717619603267211,1.096850999822919,0.0,0.0
88266452ddfffff,0.1408517886116265,0.0,0.35705950991831975,0.2742780115770389,0.0,0.0
8826645601fffff,0.845110731669759,0.6036505226212564,0.7479579929988333,0.5931449644584085,4.225553658348795,0.0
8826645603fffff,0.7042589430581326,0.0,0.6954492415402567,0.3054114887434922,0.0,0.0
8826645605fffff,1.126814308893012,1.8109515678637693,0.7467911318553092,1.2247519309258925,0.0,0.3333333333333333
8826645607fffff,1.4085178861162653,2.4146020904850256,0.8401400233372228,1.0270234286161186,0.0,0.0
8826645609fffff,1.2676660975046385,1.2073010452425128,0.8028004667444574,0.7509704330243173,0.0,0.0
882664560bfffff,0.281703577223253,0.0,0.7082847141190198,0.3822628402249022,4.225553658348795,0.0
882664560dfffff,0.563407154446506,1.2073010452425128,0.5484247374562428,1.1034173156264508,4.225553658348795,0.0
8826645611fffff,0.1408517886116265,0.0,0.17269544924154026,1.4259371771337552,0.0,0.0
8826645613fffff,0.4225553658348795,0.0,0.5985997666277713,0.3390475916561367,0.0,0.0
8826645615fffff,0.281703577223253,0.0,0.3733955659276546,0.25064570264211683,0.0,0.0
8826645617fffff,0.281703577223253,0.0,0.3792298716452742,0.61643361442417,0.0,0.0
8826645619fffff,0.0,0.0,0.03267211201866978,9.045444067117843e-26,0.0,0.0
882664561bfffff,0.0,0.0,0.042007001166861145,2.5350155798970246e-16,0.0,0.0
882664561dfffff,0.845110731669759,1.2073010452425128,0.6791131855309218,0.9554142794545918,0.0,0.0
8826645621fffff,0.4225553658348795,0.0,0.5600933488914819,0.3636742467244484,0.0,0.0
8826645623fffff,0.563407154446506,0.0,0.4352392065344224,0.44762015641679004,0.0,0.0
8826645625fffff,0.0,0.0,0.18903150525087517,0.012650905389606532,0.0,0.0
8826645627fffff,0.0,0.0,0.10035005834305717,0.0017888219702753216,0.0,0.0
8826645629fffff,0.281703577223253,0.6036505226212564,0.5169194865810969,0.6650539742082904,0.0,0.0
882664562bfffff,0.1408517886116265,0.0,0.3278879813302217,0.1799743310517771,0.0,0.0
882664562dfffff,1.2676660975046385,0.0,0.6779463243873979,0.6528691566888323,0.0,0.0
8826645631fffff,0.0,0.0,0.31505250875145857,0.09164662767553751,0.0,0.0
8826645633fffff,0.0,0.0,0.11201866977829639,0.003751685260808915,0.0,0.0
8826645637fffff,0.1408517886116265,0.0,0.19603267211201866,2.0899220899557256,0.0,0.0
8826645639fffff,0.281703577223253,0.6036505226212564,0.4340723453908985,0.8149204810892022,0.0,0.0
882664563bfffff,0.0,0.0,0.25670945157526254,0.03430121145746554,0.0,0.0
882664563dfffff,0.1408517886116265,0.0,0.3080513418903151,0.18597931864727157,0.0,0.0
8826645641fffff,1.690221463339518,4.225553658348795,0.8938156359393231,1.2380588558283212,0.0,0.6666666666666666
8826645643fffff,1.2676660975046385,0.0,0.7934655775962659,0.5373703403298312,4.225553658348795,0.0
8826645645fffff,0.1408517886116265,0.6036505226212564,0.40373395565927656,0.5969960947661441,0.0,0.0
8826645647fffff,0.845110731669759,0.6036505226212564,0.6884480746791132,0.8434532532208694,4.225553658348795,0.0
8826645649fffff,0.563407154446506,0.0,0.6021003500583431,0.5279915326232577,0.0,0.0
882664564bfffff,0.9859625202813854,0.6036505226212564,0.6872812135355892,1.072139697624347,0.0,0.0
882664564dfffff,0.9859625202813854,0.0,0.6662777129521587,0.63713320971624,0.0,0.0
8826645651fffff,0.1408517886116265,0.0,0.2543757292882147,0.21294730821488198,0.0,0.0
8826645653fffff,0.0,0.0,0.003500583430571762,3.2342706830806844e-52,0.0,0.0
8826645655fffff,0.9859625202813854,0.0,0.7327887981330222,0.6731371978557562,4.225553658348795,0.0
8826645657fffff,0.1408517886116265,0.0,0.19953325554259047,0.5095308851958803,0.0,0.0
8826645659fffff,0.4225553658348795,0.0,0.4154025670945158,0.4627631810590776,0.0,0.0
882664565dfffff,0.4225553658348795,0.0,0.6196032672112018,0.6194971771592905,0.0,0.0
8826645661fffff,0.281703577223253,0.0,0.2928821470245041,0.5700761027717137,0.0,0.0
8826645663fffff,0.9859625202813854,0.0,0.5752625437572929,0.7708159675235837,0.0,0.0
8826645665fffff,0.4225553658348795,0.6036505226212564,0.48891481913652274,1.0981360284572297,0.0,0.0
8826645667fffff,1.126814308893012,0.0,0.7222870478413069,0.5272013801838753,0.0,0.0
8826645669fffff,0.4225553658348795,0.0,0.6056009334889149,0.3280652496136158,4.225553658348795,0.0
882664566bfffff,0.4225553658348795,0.6036505226212564,0.6161026837806302,0.7459455583695712,0.0,0.0
882664566dfffff,0.1408517886116265,0.0,0.33255542590431736,0.5418538644899975,4.225553658348795,0.0
88266456c1fffff,0.0,0.0,0.1866977829638273,0.2783723234420075,0.0,0.0
88266456c5fffff,1.5493696747278916,1.2073010452425128,0.8693115519253208,0.9528230324605808,0.0,0.0
88266456c7fffff,0.0,0.0,0.004667444574095682,5.306373183468332e-52,0.0,0.0
88266456c9fffff,0.0,0.0,0.09918319719953324,0.00034707594203194666,0.0,0.0
88266456cbfffff,0.0,0.0,0.007001166861143524,1.8283132554809155e-49,0.0,0.0
88266456cdfffff,0.845110731669759,0.0,0.6697782963827305,0.6524064031862108,0.0,0.0
88266456e1fffff,0.0,0.0,0.20886814469078177,0.08875303665029317,0.0,0.0
88266456e3fffff,0.0,0.0,0.025670945157526253,4.8855816527995575e-29,0.0,0.0
88266456e9fffff,1.5493696747278916,2.4146020904850256,0.7106184364060676,1.3115901843922821,0.0,0.0
88266456ebfffff,0.0,0.0,0.10501750291715285,0.0028480113681210763,0.0,0.0
8826645701fffff,0.1408517886116265,0.6036505226212564,0.29871645274212366,1.3770439633980882,0.0,0.0
8826645703fffff,0.1408517886116265,0.6036505226212564,0.2322053675612602,1.7066086799671945,0.0,0.0
8826645705fffff,0.0,0.0,0.051341890315052506,3.0935392954345524e-10,0.0,0.0
8826645707fffff,0.281703577223253,0.0,0.2870478413068845,0.7878907135433891,0.0,0.0
8826645709fffff,0.1408517886116265,0.0,0.1808634772462077,0.33092698661726067,0.0,0.0
882664570bfffff,0.281703577223253,0.6036505226212564,0.37222870478413067,1.1046485157917052,0.0,0.0
882664570dfffff,0.1408517886116265,0.6036505226212564,0.22520420070011668,2.566338602639012,0.0,0.0
8826645719fffff,0.0,0.0,0.15985997666277713,0.1665478050796613,0.0,0.0
882664571bfffff,0.281703577223253,0.0,0.26254375729288215,0.5686084844814009,0.0,0.0
882664571dfffff,0.0,0.0,0.0338389731621937,3.0962751492801643e-23,0.0,0.0
8826645721fffff,0.0,0.0,0.014002333722287048,1.4565760392467009e-36,0.0,0.0
8826645729fffff,0.0,0.0,0.028004667444574097,4.763141795554722e-28,0.0,0.0
882664572bfffff,0.0,0.0,0.043173862310385065,1.002759062936528e-15,0.0,0.0
8826645743fffff,0.0,0.0,0.1645274212368728,0.012137154096216058,0.0,0.0
8826645745fffff,0.0,0.0,0.05950991831971995,9.172485347328042e-08,0.0,0.0
8826645747fffff,0.0,0.0,0.11085180863477247,0.008603726442233164,0.0,0.0
882664574bfffff,0.0,0.0,0.17152858809801633,0.1478251096400444,0.0,0.0
8826645751fffff,0.281703577223253,0.6036505226212564,0.39673278879813295,1.12535952160602,0.0,0.0
8826645753fffff,0.7042589430581326,0.0,0.5390898483080513,0.5973580360293961,0.0,0.0
8826645755fffff,0.281703577223253,0.0,0.28588098016336055,0.9063641390541891,0.0,0.0
8826645757fffff,0.0,0.0,0.18786464410735124,0.06736894395347691,0.0,0.0
8826645759fffff,0.0,0.0,0.1306884480746791,0.014224399918956401,0.0,0.0
882664575bfffff,0.7042589430581326,2.4146020904850256,0.6102683780630105,1.6204821920017372,0.0,0.0
882664575dfffff,0.0,0.0,0.13652275379229872,0.009385734384683904,0.0,0.0
882664576bfffff,0.281703577223253,0.0,0.25204200700116686,0.5021355764666033,0.0,0.0
882664c101fffff,1.4085178861162653,1.2073010452425128,0.7981330221703619,0.8253398935778776,4.225553658348795,0.0
882664c103fffff,0.1408517886116265,0.0,0.3220536756126021,0.48181619317733365,4.225553658348795,0.0
882664c105fffff,1.8310732519511446,0.6036505226212564,0.8203033838973163,0.7914387817829834,8.45110731669759,0.0
882664c107fffff,0.563407154446506,0.0,0.5694282380396732,0.3884354837522401,0.0,0.0
882664c109fffff,0.281703577223253,0.0,0.2765460910151692,0.8380142826349811,4.225553658348795,0.0
882664c10bfffff,0.0,0.0,0.03733955659276546,6.312097197645023e-19,0.0,0.0
882664c10dfffff,0.9859625202813854,0.0,0.7316219369894984,0.4902096561165464,4.225553658348795,0.0
882664c115fffff,0.0,0.0,0.14469078179696615,0.022032736001814487,0.0,0.0
882664c117fffff,0.1408517886116265,0.0,0.24620770128354727,1.051047538517376,8.45110731669759,0.0
882664c121fffff,0.8451107316697589,0.6036505226212564,0.6242707117852976,0.7958202779662337,4.225553658348795,0.0
882664c123fffff,0.4225553658348795,0.0,0.3115519253208868,0.6988146995965773,0.0,0.0
882664c125fffff,0.845110731669759,1.2073010452425128,0.5904317386231038,1.2313242761904062,4.225553658348795,0.0
882664c127fffff,0.281703577223253,0.6036505226212564,0.4014002333722287,1.085290641090394,4.225553658348795,0.0
882664c129fffff,0.0,0.0,0.2100350058343057,0.08464421146002261,0.0,0.0
882664c12bfffff,0.4225553658348795,0.6036505226212564,0.5402567094515752,0.7014842589075291,8.45110731669759,0.0
882664c12dfffff,0.281703577223253,0.6036505226212564,0.33022170361726955,1.1984675707067411,4.225553658348795,0.0
882664c131fffff,0.7042589430581326,1.2073010452425128,0.6207701283547258,1.3229338744364534,12.676660975046383,0.3333333333333333
882664c133fffff,1.4085178861162653,0.6036505226212564,0.8961493582263711,0.5498034374701303,8.45110731669759,0.3333333333333333
882664c135fffff,0.563407154446506,0.6036505226212564,0.39789964994165694,1.1178519883498876,0.0,0.0
882664c137fffff,0.281703577223253,0.0,0.3628938156359393,0.622357202992977,12.676660975046383,0.0
882664c139fffff,0.845110731669759,0.0,0.5939323220536756,0.6426091621739415,4.225553658348795,0.0
882664c13bfffff,1.2676660975046383,0.6036505226212564,0.8471411901983664,0.41694177596539267,21.127768291743976,0.0
882664c13dfffff,0.4225553658348795,0.0,0.3407234539089849,0.3924558360907804,4.225553658348795,0.0
882664c145fffff,0.563407154446506,1.2073010452425128,0.6347724620770129,1.143324404607528,8.45110731669759,0.0
882664c147fffff,0.0,0.0,0.20653442240373396,0.15365614908030156,0.0,0.0
882664c14dfffff,0.0,0.0,0.09451575262543759,1.2094939777548226e-05,0.0,0.0
882664c161fffff,1.5493696747278916,0.6036505226212564,0.9183197199533254,0.569925359486639,4.225553658348795,0.0
882664c163fffff,1.4085178861162653,1.8109515678637693,0.8506417736289381,0.9675092142148322,4.225553658348795,0.3333333333333333
882664c165fffff,0.1408517886116265,0.0,0.30105017502917153,0.3401111162597347,0.0,0.0
882664c167fffff,0.281703577223253,0.0,0.45274212368728123,0.1875782436400115,4.225553658348795,0.0
882664c169fffff,1.9719250405627708,1.8109515678637693,0.8996499416569428,1.1540530907344941,0.0,0.3333333333333333
882664c16bfffff,2.1127768291743974,3.621903135727539,0.9486581096849475,1.0979338870553916,8.45110731669759,0.0
882664c16dfffff,0.9859625202813854,0.6036505226212564,0.5379229871645275,0.9493644372442741,8.45110731669759,0.0
882664c185fffff,0.281703577223253,0.6036505226212564,0.3208868144690782,1.0812666844642032,16.90221463339518,0.0
882664c187fffff,0.1408517886116265,0.0,0.22637106184364061,0.7945249064996324,4.225553658348795,0.0
882664c18dfffff,0.0,0.0,0.19486581096849476,0.1635922975258845,8.45110731669759,0.0
882664c1a1fffff,1.8310732519511443,1.8109515678637693,0.8576429404900817,0.9313741533366452,21.127768291743976,0.0
882664c1a3fffff,1.2676660975046385,0.6036505226212564,0.8728121353558927,0.5368247258722245,12.676660975046387,0.0
882664c1a5fffff,0.7042589430581326,0.0,0.6826137689614936,0.526366538151965,4.225553658348795,0.0
882664c1a7fffff,0.7042589430581326,0.0,0.721120186697783,0.5958084230608648,4.225553658348795,0.0
882664c1a9fffff,6.479182276134819,3.6219031357275386,1.0,0.6189258535004633,8.45110731669759,0.6666666666666666
882664c1abfffff,2.1127768291743974,1.2073010452425128,0.9428238039673279,0.7513975539835807,12.676660975046383,0.3333333333333333
882664c1adfffff,0.9859625202813854,0.0,0.7654609101516919,0.7233960071778763,12.676660975046383,0.0
882664c1b1fffff,0.4225553658348795,0.6036505226212564,0.3698949824970829,1.4539118246035712,4.225553658348795,0.0
882664c1b3fffff,0.0,0.0,0.12602100350058343,0.008596455869411952,0.0,0.0
882664c1b5fffff,0.9859625202813854,0.0,0.7421236872812136,0.5754017677264036,8.45110731669759,0.0
882664c1b7fffff,1.2676660975046385,1.8109515678637693,0.8494749124854143,0.9117631677133639,8.45110731669759,0.0
882664c1b9fffff,0.1408517886116265,0.0,0.21353558926487748,1.478702621596357,0.0,0.0
882664c1bdfffff,1.126814308893012,1.8109515678637693,0.7724620770128355,0.8973717583908173,8.45110731669759,0.0
882664c1c7fffff,0.281703577223253,0.0,0.2508751458576429,1.4192506227910264,8.45110731669759,0.0
882664c1e1fffff,7.4651447964162045,6.640155748833821,0.9988331388564761,1.1092295511054788,16.90221463339518,1.6666666666666667
882664c1e3fffff,3.802998292513916,3.018252613106282,0.9836639439906651,0.925674164484982,25.353321950092774,0.0
882664c1e5fffff,1.690221463339518,2.4146020904850256,0.8553092182030338,1.1321725723015719,25.353321950092774,0.0
882664c1e7fffff,4.788960812795301,4.225553658348795,0.9976662777129522,0.8207477698177469,21.127768291743976,0.3333333333333333
882664c1e9fffff,0.4225553658348795,0.6036505226212564,0.4760793465577596,0.814917063049375,21.127768291743976,0.0
882664c1ebfffff,0.9859625202813854,1.2073010452425128,0.7024504084014002,1.2326237120227361,4.225553658348795,0.6666666666666666
882664c1edfffff,3.521294715290663,3.6219031357275386,0.9824970828471412,0.919840359974864,16.90221463339518,0.3333333333333333
882664c801fffff,2.253628617786024,3.6219031357275386,0.9556592765460911,0.9937973855927585,12.676660975046383,0.3333333333333333
882664c803fffff,1.9719250405627708,1.8109515678637693,0.941656942823804,0.7285825046745767,21.127768291743976,0.0
882664c805fffff,0.1408517886116265,0.0,0.5087514585764294,0.2484888120509626,4.225553658348795,0.0
882664c807fffff,1.4085178861162653,0.6036505226212564,0.7584597432905484,0.7923587965585556,8.45110731669759,0.3333333333333333
882664c809fffff,2.1127768291743974,3.6219031357275386,0.8914819136522754,1.2669108703757614,12.676660975046387,0.0
882664c80bfffff,1.8310732519511443,2.4146020904850256,0.8926487747957993,0.9091713690338876,0.0,0.3333333333333333
882664c80dfffff,1.8310732519511443,0.0,0.8214702450408401,0.6964429879067242,4.225553658348795,0.0
882664c811fffff,2.1127768291743974,1.2073010452425128,0.9661610268378062,0.5522950281426687,4.225553658348795,0.3333333333333333
882664c813fffff,1.9719250405627713,1.2073010452425128,0.8774795799299883,0.9766953497678873,12.676660975046383,0.0
882664c815fffff,2.6761839836209034,2.4146020904850256,0.9719953325554259,0.7095933409550558,12.676660975046383,0.0
882664c817fffff,0.7042589430581326,0.0,0.6487747957992999,0.5449914110854379,4.225553658348795,0.0
882664c819fffff,1.690221463339518,3.6219031357275386,0.8319719953325554,1.3520790935572353,8.45110731669759,0.0
882664c81bfffff,3.521294715290663,4.829204180970051,0.9801633605600933,1.114301485096987,4.225553658348795,0.3333333333333333
882664c81dfffff,2.253628617786024,1.8109515678637693,0.9579929988331388,0.793313370278003,12.676660975046383,0.3333333333333333
882664c831fffff,0.281703577223253,0.0,0.40606767794632437,0.6907432502576335,8.45110731669759,0.0
882664c833fffff,0.9859625202813854,0.0,0.6289381563593932,0.5363081188960128,0.0,0.0
882664c839fffff,3.521294715290663,3.6219031357275386,0.9848308051341891,0.8940894486584919,4.225553658348795,0.6666666666666666
882664c83bfffff,0.7042589430581326,0.6036505226212564,0.8121353558926487,0.4940523071895333,8.45110731669759,0.0
882664c83dfffff,0.281703577223253,0.0,0.39323220536756126,0.5449396186137763,12.676660975046383,0.0
882664c841fffff,0.845110731669759,0.6036505226212564,0.6721120186697783,0.8433578629141986,8.45110731669759,0.0
882664c843fffff,1.8310732519511446,0.6036505226212564,0.8751458576429405,0.7381680792677724,8.45110731669759,0.0
882664c845fffff,0.563407154446506,0.0,0.5425904317386231,0.6423680805645258,4.225553658348795,0.0
882664c847fffff,3.098739349455783,3.018252613106282,0.968494749124854,1.0517734282080602,0.0,0.3333333333333333
882664c849fffff,0.7042589430581324,2.4146020904850256,0.6534422403733956,1.4221486845548164,12.676660975046383,0.0
882664c84bfffff,1.126814308893012,1.2073010452425128,0.779463243873979,0.8622663390007085,0.0,0.0
882664c84dfffff,0.9859625202813854,0.6036505226212564,0.6977829638273046,0.6809187174588626,8.45110731669759,0.0
882664c851fffff,1.126814308893012,1.8109515678637693,0.7526254375729288,0.9826241109170027,0.0,0.0
882664c853fffff,0.0,0.0,0.1353558926487748,0.0017752464985050969,4.225553658348795,0.0
882664c855fffff,1.9719250405627708,1.2073010452425128,0.912485414235706,0.8945368650978475,8.45110731669759,0.0
882664c857fffff,0.7042589430581324,0.6036505226212564,0.5705950991831972,0.7835083687481613,8.45110731669759,0.0
882664c859fffff,2.394480406397651,3.018252613106282,0.9603267211201866,0.9626309869934667,0.0,0.0
882664c85bfffff,2.8170357722325297,4.225553658348796,0.970828471411902,1.0287878313039214,4.225553658348795,0.3333333333333333
882664c85dfffff,0.845110731669759,1.8109515678637693,0.5834305717619603,1.3752780886492728,4.225553658348795,0.0
882664c861fffff,0.1408517886116265,0.0,0.22987164527421236,0.7116558656572769,8.45110731669759,0.0
882664c865fffff,0.1408517886116265,0.0,0.21236872812135357,0.2873809017425199,4.225553658348795,0.0
882664c869fffff,0.563407154446506,0.0,0.4982497082847141,0.856362681726874,4.225553658348795,0.0
882664c86bfffff,0.7042589430581326,1.2073010452425128,0.718786464410735,0.9539213300027631,4.225553658348795,0.3333333333333333
882664c86dfffff,0.0,0.0,0.147024504084014,0.016441735126296656,4.225553658348795,0.0
882664c881fffff,0.845110731669759,0.0,0.7152858809801633,0.6421086281097051,0.0,0.0
882664c883fffff,0.845110731669759,1.2073010452425128,0.5274212368728122,1.4211636141241055,0.0,0.0
882664c885fffff,0.0,0.0,0.01866977829638273,2.2163419990333336e-33,0.0,0.0
882664c887fffff,0.1408517886116265,0.0,0.26837806301050177,0.28899445189542455,0.0,0.0
882664c889fffff,1.9719250405627708,1.8109515678637693,0.8844807467911319,0.9178231887758234,0.0,0.3333333333333333
882664c88bfffff,1.5493696747278916,0.6036505226212564,0.8249708284714119,0.6985425218257303,0.0,0.0
882664c88dfffff,0.4225553658348795,0.0,0.5332555425904317,0.6862111475696144,0.0,0.0
882664c891fffff,0.0,0.0,0.17736289381563594,0.21017626272842746,0.0,0.0
882664c893fffff,0.4225553658348795,0.6036505226212564,0.4492415402567094,1.2835258714427211,12.676660975046383,0.0
882664c895fffff,0.0,0.0,0.16802800466744458,0.1479773270133494,0.0,0.0
882664c897fffff,0.0,0.0,0.022170361726954493,2.1076639443477324e-31,0.0,0.0
882664c899fffff,0.1408517886116265,0.0,0.21703617269544925,1.114997199573881,0.0,0.0
882664c89bfffff,0.845110731669759,1.2073010452425128,0.574095682613769,1.3681541301650608,4.225553658348795,0.0
882664c89dfffff,0.0,0.0,0.12835472578763127,0.03204971901508125,0.0,0.0
882664c8b1fffff,0.0,0.0,0.13418903150525088,0.12354997373763127,0.0,0.0
882664c8b3fffff,0.563407154446506,1.2073010452425128,0.3442240373395566,2.047862662969274,0.0,0.0
882664c8b7fffff,0.281703577223253,0.6036505226212564,0.32438739789964993,1.6969820638350361,0.0,0.0
882664c8b9fffff,0.0,0.0,0.029171528588098017,7.814151560344694e-28,0.0,0.0
882664c8bbfffff,0.0,0.0,0.1411901983663944,0.04181400742936959,0.0,0.0
882664c8c1fffff,1.8310732519511446,1.2073010452425128,0.9369894982497082,0.7368131812475407,8.45110731669759,0.3333333333333333
882664c8c3fffff,1.690221463339518,1.8109515678637693,0.9393232205367562,0.6524173967960456,0.0,0.0
882664c8c5fffff,1.4085178861162653,2.4146020904850256,0.8063010501750293,1.002506331571414,0.0,0.6666666666666666
882664c8c7fffff,2.253628617786024,3.018252613106282,0.9218203033838973,1.1922046577038918,4.225553658348795,0.3333333333333333
882664c8c9fffff,3.521294715290663,4.225553658348795,0.9894982497082848,0.813263282556755,0.0,0.3333333333333333
882664c8cbfffff,3.9438500811255426,4.225553658348795,0.9929988331388565,1.1151225501354325,4.225553658348795,1.0
882664c8cdfffff,1.4085178861162648,0.0,0.8984830805134189,0.3536743748223123,12.676660975046383,0.0
882664c8d1fffff,0.845110731669759,2.4146020904850256,0.8518086347724619,0.7660063737335476,0.0,0.0
882664c8d3fffff,0.1408517886116265,0.6036505226212564,0.2590431738623104,1.3976694886402197,0.0,0.0
882664c8d5fffff,1.2676660975046385,0.6036505226212564,0.911318553092182,0.5671100083831221,0.0,0.0
882664c8d7fffff,0.9859625202813854,1.2073010452425128,0.6231038506417736,1.307841173986826,0.0,0.0
882664c8d9fffff,1.8310732519511446,1.2073010452425128,0.9043173862310385,0.7060972487928564,0.0,0.0
882664c8dbfffff,1.2676660975046385,0.6036505226212564,0.690781796966161,0.6717766558184689,0.0,0.0
882664c8ddfffff,1.5493696747278916,1.8109515678637695,0.8868144690781797,0.9563541047906975,0.0,0.3333333333333333
882664c8e9fffff,0.1408517886116265,0.0,0.17969661610268375,0.6802601885898109,4.225553658348795,0.0
882664c8ebfffff,0.0,0.0,0.047841306884480746,8.495060522980777e-13,4.225553658348795,0.0
882664c8edfffff,0.0,0.0,0.08284714119019837,5.37204800207686e-06,0.0,0.0
882664c959fffff,0.0,0.0,0.07934655775962661,3.1698508099447045e-05,4.225553658348795,0.0
882664c95bfffff,0.0,0.0,0.005834305717619603,9.61221552491673e-52,4.225553658348795,0.0
882664ca01fffff,0.845110731669759,0.0,0.691948658109685,0.4978654522046513,0.0,0.0
882664ca03fffff,0.9859625202813854,0.6036505226212564,0.6581096849474912,0.6657233454062312,8.45110731669759,0.0
882664ca05fffff,0.563407154446506,1.2073010452425128,0.6137689614935823,0.8885965475167183,4.225553658348795,0.0
882664ca07fffff,0.845110731669759,0.6036505226212564,0.6511085180863477,0.9593142225357957,4.225553658348795,0.0
882664ca09fffff,1.4085178861162648,0.0,0.6802800466744457,0.7692403008283785,4.225553658348795,0.0
882664ca0bfffff,0.563407154446506,0.6036505226212564,0.588098016336056,0.683205393882445,8.45110731669759,0.0
882664ca0dfffff,0.281703577223253,0.6036505226212564,0.3920653442240373,1.28827309070868,8.45110731669759,0.0
882664ca11fffff,1.9719250405627708,0.6036505226212564,0.8366394399066511,0.9381611085885005,8.45110731669759,0.0
882664ca13fffff,0.9859625202813854,0.0,0.7246207701283547,0.47866512626787855,12.676660975046383,0.0
882664ca15fffff,0.845110731669759,1.2073010452425128,0.5530921820303384,1.2405738614518838,8.45110731669759,0.0
882664ca17fffff,0.845110731669759,0.6036505226212564,0.5892648774795799,0.8740395575056635,4.225553658348795,0.0
882664ca19fffff,0.7042589430581326,0.0,0.43173862310385064,0.6803376351853704,12.676660975046383,0.0
882664ca1bfffff,0.563407154446506,0.0,0.5355892648774796,0.6099964985412429,4.225553658348795,0.0
882664ca1dfffff,1.5493696747278916,0.6036505226212564,0.7957992998833139,0.917763557950606,4.225553658348795,0.0
882664ca21fffff,0.7042589430581326,0.0,0.5857642940490082,0.744288709258754,8.45110731669759,0.0
882664ca23fffff,0.9859625202813854,0.6036505226212564,0.6674445740956826,0.6497815450602796,8.45110731669759,0.0
882664ca25fffff,1.2676660975046385,1.2073010452425128,0.7094515752625438,0.9705901346360336,8.45110731669759,0.0
882664ca27fffff,0.845110731669759,1.2073010452425128,0.632438739789965,0.9510929975930096,0.0,0.0
882664ca29fffff,0.4225553658348795,0.6036505226212564,0.5309218203033839,0.5826441190152117,0.0,0.0
882664ca2bfffff,1.4085178861162653,1.8109515678637693,0.7292882147024504,1.4475408316135774,0.0,0.0
882664ca2dfffff,0.9859625202813854,0.6036505226212564,0.6149358226371062,0.9724780843719641,0.0,0.3333333333333333
882664ca31fffff,1.5493696747278916,1.8109515678637693,0.79463243873979,1.1553834718637834,0.0,0.6666666666666666
882664ca33fffff,1.4085178861162653,1.2073010452425128,0.780630105017503,0.8210602325835991,4.225553658348795,0.0
882664ca35fffff,0.9859625202813854,0.6036505226212564,0.6336056009334889,0.7488303252121705,8.45110731669759,0.0
882664ca37fffff,2.1127768291743974,3.0182526131062826,0.9171528588098017,1.2110947477192913,8.45110731669759,0.3333333333333333
882664ca39fffff,0.845110731669759,0.6036505226212564,0.7176196032672112,0.7169669897560991,4.225553658348795,0.0
882664ca3bfffff,1.8310732519511446,0.6036505226212564,0.8074679113185531,0.9487653362935046,4.225553658348795,0.0
882664ca3dfffff,0.1408517886116265,0.6036505226212564,0.47141190198366395,0.6156678715112016,4.225553658348795,0.0
882664ca41fffff,0.7042589430581326,0.0,0.6546091015169195,0.4396110756192438,12.676660975046383,0.0
882664ca43fffff,0.7042589430581326,0.0,0.6394399066511085,0.53778295695598,4.225553658348795,0.0
882664ca45fffff,1.126814308893012,2.4146020904850256,0.7257876312718786,1.4394381888754861,16.90221463339518,0.3333333333333333
882664ca47fffff,0.9859625202813854,0.6036505226212564,0.5869311551925321,1.4619977948750253,12.676660975046383,0.0
882664ca49fffff,0.563407154446506,0.0,0.514585764294049,0.5171679134518068,12.676660975046383,0.0
882664ca4bfffff,0.1408517886116265,0.0,0.2975495915985998,0.2737030417305149,4.225553658348795,0.0
882664ca4dfffff,1.5493696747278916,1.2073010452425128,0.9136522753792299,0.6419994042382222,8.45110731669759,0.0
882664ca51fffff,0.4225553658348795,0.0,0.4539089848308051,0.862648367516759,0.0,0.0
882664ca53fffff,0.281703577223253,0.0,0.4655775962660444,0.33574909045995965,0.0,0.0
882664ca55fffff,0.563407154446506,1.2073010452425128,0.4305717619603267,1.3668128126622034,0.0,0.0
882664ca57fffff,0.1408517886116265,0.6036505226212564,0.30688448074679114,1.6308357992685174,4.225553658348795,0.0
882664ca59fffff,0.0,0.0,0.2182030338389732,0.037203909831094895,0.0,0.0
882664ca5bfffff,0.1408517886116265,0.6036505226212564,0.35822637106184363,1.1731086477903472,0.0,0.0
882664ca5dfffff,0.0,0.0,0.19369894982497082,0.1566707866001767,0.0,0.0
882664ca61fffff,0.1408517886116265,0.0,0.2368728121353559,0.2923191321675092,4.225553658348795,0.0
882664ca63fffff,0.281703577223253,0.0,0.4364060676779464,0.2975397865442932,4.225553658348795,0.0
882664ca65fffff,0.563407154446506,0.6036505226212564,0.5134189031505251,1.3834301861380291,4.225553658348795,0.3333333333333333
882664ca67fffff,0.7042589430581326,0.0,0.49008168028004667,1.084143667419694,0.0,0.0
882664ca69fffff,0.845110731669759,0.0,0.5542590431738623,0.505203069814732,8.45110731669759,0.0
882664ca6bfffff,0.7042589430581326,0.6036505226212564,0.6114352392065344,0.7262663136906515,4.225553658348795,0.0
882664ca6dfffff,0.281703577223253,0.0,0.3313885647607935,0.6722732796891405,4.225553658348795,0.0
882664ca81fffff,0.281703577223253,0.6036505226212564,0.543757292882147,0.6444739140699547,4.225553658348795,0.0
882664ca83fffff,3.098739349455783,1.8109515678637693,0.9673278879813302,0.8821897108975237,4.225553658348795,0.3333333333333333
882664ca85fffff,0.4225553658348795,0.0,0.4515752625437573,0.5603413879381657,12.676660975046383,0.0
882664ca87fffff,1.126814308893012,1.2073010452425128,0.777129521586931,0.8678684491742038,12.676660975046383,0.0
882664ca89fffff,0.4225553658348795,0.6036505226212564,0.4597432905484247,1.45638194741933,4.225553658348795,0.0
882664ca8bfffff,1.8310732519511446,0.0,0.8483080513418905,0.8739278076099936,4.225553658348795,0.0
882664ca8dfffff,0.4225553658348795,0.0,0.46091015169194866,0.4147674056633384,4.225553658348795,0.0
882664ca91fffff,1.8310732519511446,0.6036505226212564,0.8343057176196033,0.7942912168619959,4.225553658348795,0.0
882664ca93fffff,1.6902214633395178,1.2073010452425128,0.9019836639439905,0.7845662666981214,0.0,0.3333333333333333
882664ca95fffff,0.7042589430581326,0.6036505226212564,0.5810968494749125,0.7748538259757002,4.225553658348795,0.0
882664ca97fffff,0.563407154446506,0.6036505226212564,0.6371061843640606,0.8566895199711119,0.0,0.0
882664ca99fffff,0.563407154446506,0.0,0.6452742123687282,0.4444058409246427,4.225553658348795,0.0
882664ca9bfffff,0.7042589430581326,0.6036505226212564,0.6651108518086347,0.7402310571133067,0.0,0.0
882664ca9dfffff,1.4085178861162648,1.2073010452425128,0.8424737456242707,0.7263801088053167,0.0,0.0
882664caa1fffff,1.5493696747278916,1.2073010452425128,0.9054842473745625,0.6621019568422647,12.676660975046383,0.0
882664caa3fffff,1.126814308893012,0.6036505226212564,0.8296382730455076,0.5829836302371201,16.90221463339518,0.0
882664caa5fffff,1.5493696747278916,0.6036505226212564,0.9334889148191365,0.5537194420932515,8.45110731669759,0.0
882664caa7fffff,2.9578875608441564,1.8109515678637693,0.9614935822637106,0.8432533390936735,8.45110731669759,0.0
882664caa9fffff,1.2676660975046385,1.8109515678637693,0.7992998833138857,0.7890178521966428,8.45110731669759,0.0
882664caabfffff,3.2395911380674094,3.018252613106282,0.969661610268378,0.869218656700052,12.676660975046383,0.0
882664caadfffff,1.2676660975046385,0.6036505226212564,0.8156359393232205,0.7642295049700912,4.225553658348795,0.0
882664cab1fffff,1.126814308893012,1.8109515678637693,0.7596266044340724,1.06583655323167,8.45110731669759,0.0
882664cab3fffff,0.7042589430581326,0.0,0.49941656942823803,0.533246904393027,4.225553658348795,0.0
882664cab5fffff,2.253628617786024,1.2073010452425128,0.9439906651108517,0.7779994986475104,16.90221463339518,0.0
882664cab7fffff,0.4225553658348795,1.2073010452425128,0.5927654609101517,0.8912761892587359,4.225553658348795,0.0
882664cab9fffff,1.2676660975046385,0.6036505226212564,0.7397899649941658,0.8368455047409281,12.676660975046383,0.0
882664cabbfffff,1.5493696747278916,1.2073010452425128,0.7666277712952159,1.1444259065609905,4.225553658348795,0.0
882664cabdfffff,2.253628617786024,1.8109515678637695,0.9568261376896149,0.7333008437509091,8.45110731669759,0.0
882664cac1fffff,0.845110731669759,1.2073010452425128,0.8109684947491248,0.5817953791866017,4.225553658348795,0.0
882664cac3fffff,0.563407154446506,0.0,0.5472578763127188,0.7836657598701849,0.0,0.0
882664cac5fffff,1.126814308893012,0.6036505226212564,0.7071178529754959,1.0013349776193143,4.225553658348795,0.0
882664cac7fffff,1.2676660975046385,0.6036505226212564,0.7141190198366395,0.8861660012976333,12.676660975046383,0.0
882664cac9fffff,0.0,0.0,0.2893815635939323,0.01619457216298959,0.0,0.0
882664cacbfffff,1.126814308893012,0.6036505226212564,0.7444574095682613,0.9279807242633619,0.0,0.3333333333333333
882664cacdfffff,0.0,0.0,0.37806301050175034,0.13160329357719353,8.45110731669759,0.0
882664cad1fffff,0.7042589430581326,0.0,0.5764294049008168,0.5289067442601139,0.0,0.0
882664cad3fffff,1.8310732519511446,3.018252613106282,0.9474912485414236,0.9375580127906532,4.225553658348795,0.0
882664cad5fffff,0.281703577223253,0.0,0.3512252042007001,0.35513924288368653,0.0,0.0
882664cad7fffff,1.4085178861162653,0.0,0.8284714119019837,0.7494763525808988,4.225553658348795,0.0
882664cad9fffff,0.281703577223253,0.6036505226212564,0.3943990665110852,1.133446613361349,12.676660975046383,0.0
882664cadbfffff,1.2676660975046385,0.6036505226212564,0.7491248541423571,0.7304999417703176,4.225553658348795,0.0
882664caddfffff,0.7042589430581326,0.6036505226212564,0.6382730455075846,0.6686674096276323,0.0,0.0
882664cae1fffff,0.9859625202813854,1.8109515678637693,0.6557759626604434,1.243467305036658,4.225553658348795,0.3333333333333333
882664cae3fffff,0.7042589430581326,0.6036505226212564,0.6604434072345391,0.6389404273399892,16.90221463339518,0.0
882664cae5fffff,1.4085178861162653,1.2073010452425128,0.8646441073512253,0.8651805537191234,4.225553658348795,0.0
882664cae7fffff,1.690221463339518,1.8109515678637693,0.8879813302217037,0.8520444959632426,12.676660975046383,0.0
882664cae9fffff,0.845110731669759,0.0,0.5565927654609102,1.1212214447373208,12.676660975046383,0.0
882664caebfffff,1.9719250405627708,1.8109515678637693,0.8763127187864644,0.8986633290699554,12.676660975046383,0.3333333333333333
882664caedfffff,1.8310732519511446,0.6036505226212564,0.8039673278879813,0.9866501644516151,4.225553658348795,0.0
882664cb01fffff,0.1408517886116265,0.0,0.2707117852975496,0.34442098831017914,0.0,0.0
882664cb03fffff,0.281703577223253,0.6036505226212564,0.3605600933488915,1.6311337833635935,4.225553658348795,0.0
882664cb05fffff,0.563407154446506,0.6036505226212564,0.5052508751458576,1.10930442985188,0.0,0.0
882664cb07fffff,0.0,0.0,0.3838973162193699,0.1261072596264114,0.0,0.0
882664cb09fffff,0.845110731669759,0.6036505226212564,0.5075845974329055,1.0936747440303551,0.0,0.0
882664cb0bfffff,0.281703577223253,0.6036505226212564,0.4224037339556593,1.175374428177755,0.0,0.0
882664cb0dfffff,0.4225553658348795,1.2073010452425128,0.42123687281213534,2.391563417932454,0.0,0.3333333333333333
882664cb11fffff,0.1408517886116265,0.6036505226212564,0.456242707117853,0.9183276514203208,4.225553658348795,0.3333333333333333
882664cb13fffff,0.7042589430581326,1.2073010452425128,0.7561260210035007,0.599674901295325,4.225553658348795,0.0
882664cb15fffff,0.4225553658348795,0.6036505226212564,0.5344224037339557,0.7793351504643448,4.225553658348795,0.0
882664cb17fffff,0.4225553658348795,0.6036505226212564,0.5157526254375729,0.8977842772536127,12.676660975046387,0.0
882664cb19fffff,0.4225553658348795,0.0,0.6009334889148191,0.42626304539171184,4.225553658348795,0.0
882664cb1bfffff,0.563407154446506,0.0,0.5799299883313885,0.6572495714428969,12.676660975046383,0.0
882664cb1dfffff,0.281703577223253,0.6036505226212564,0.352392065344224,1.0552192213924718,8.45110731669759,0.0
882664cb21fffff,0.1408517886116265,0.6036505226212564,0.37689614935822635,1.112572976082062,0.0,0.0
882664cb23fffff,0.0,0.0,0.038506417736289385,3.466933594636639e-19,0.0,0.0
882664cb25fffff,0.0,0.0,0.08868144690781797,0.0001051834334394475,0.0,0.0
882664cb27fffff,0.0,0.0,0.13185530921820304,0.13522724249041104,0.0,0.0
882664cb29fffff,0.4225553658348795,0.0,0.39556592765460913,1.4799382794023785,0.0,0.0
882664cb2bfffff,0.1408517886116265,0.0,0.3757292882147025,0.45869926981863335,0.0,0.0
882664cb2dfffff,0.0,0.0,0.24854142357059508,0.056153748170202356,0.0,0.0
882664cb31fffff,0.4225553658348795,0.0,0.3593932322053675,0.9012122208420562,0.0,0.0
882664cb33fffff,0.0,0.0,0.19253208868144692,0.026141496664029467,8.45110731669759,0.0
882664cb39fffff,0.4225553658348795,0.6036505226212564,0.45857642940490084,1.013197344420313,4.225553658348795,0.0
882664cb3bfffff,0.4225553658348795,1.2073010452425128,0.4935822637106184,1.1429766514946835,8.45110731669759,0.0
882664cb3dfffff,0.1408517886116265,0.0,0.2275379229871645,0.4670252007148283,0.0,0.0
882664cb41fffff,0.0,0.0,0.07117852975495916,8.200402104389928e-07,0.0,0.0
882664cb43fffff,0.1408517886116265,0.0,0.3652275379229872,0.34960189035526873,0.0,0.0
882664cb45fffff,0.281703577223253,0.0,0.24504084014002334,1.0430859948493991,0.0,0.0
882664cb47fffff,0.1408517886116265,0.0,0.220536756126021,1.1817320955273367,0.0,0.0
882664cb49fffff,0.563407154446506,0.0,0.4130688448074679,1.3640023939167012,0.0,0.0
882664cb4bfffff,0.1408517886116265,0.0,0.4095682613768961,0.41471777766955803,0.0,0.0
882664cb4dfffff,0.1408517886116265,0.0,0.2777129521586931,0.8123619472140019,0.0,0.0
882664cb51fffff,0.1408517886116265,0.0,0.4200700116686114,0.35825886952930985,0.0,0.0
882664cb53fffff,0.7042589430581326,0.6036505226212564,0.6896149358226372,0.7026920550081367,4.225553658348795,0.0
882664cb55fffff,0.281703577223253,0.0,0.3687281213535589,0.8605892924567048,4.225553658348795,0.0
882664cb57fffff,0.281703577223253,0.6036505226212564,0.37456242707117854,0.7652928751508212,4.225553658348795,0.0
882664cb59fffff,0.281703577223253,0.6036505226212564,0.38506417736289383,1.2348148172766609,8.45110731669759,0.0
882664cb5bfffff,0.4225553658348795,1.2073010452425128,0.43990665110851807,1.315454911776525,4.225553658348795,0.0
882664cb5dfffff,0.4225553658348795,0.0,0.3885647607934655,1.0772638061560253,4.225553658348795,0.0
882664cb63fffff,0.1408517886116265,0.0,0.15752625437572929,0.7596382861638759,0.0,0.0
882664cb65fffff,0.0,0.0,0.1295215869311552,0.008201523848898263,0.0,0.0
882664cb67fffff,0.0,0.0,0.13885647607934656,0.31116263329337873,0.0,0.0
882664cb69fffff,0.0,0.0,0.008168028004667444,9.116275911476667e-42,0.0,0.0
882664cb6dfffff,0.0,0.0,0.058343057176196034,8.465642918861025e-08,0.0,0.0
882664cc01fffff,3.380442926679036,3.018252613106282,0.9918319719953326,0.7277493197135886,12.676660975046383,0.0
882664cc03fffff,2.6761839836209034,2.4146020904850256,0.97316219369895,0.8539363491461215,4.225553658348795,0.0
882664cc05fffff,1.2676660975046385,0.6036505226212564,0.7864644107351225,0.6897205056437296,16.90221463339518,0.0
882664cc07fffff,0.563407154446506,0.6036505226212564,0.661610268378063,0.8208743685774236,12.676660975046383,0.0
882664cc09fffff,1.9719250405627713,0.6036505226212564,0.809801633605601,0.8811003697569709,8.45110731669759,0.0
882664cc0bfffff,2.253628617786024,1.8109515678637693,0.9323220536756126,0.7951662502262274,4.225553658348795,0.0
882664cc0dfffff,2.535332195009277,4.225553658348796,0.9451575262543758,1.305993054947439,4.225553658348795,0.3333333333333333
882664cc11fffff,0.563407154446506,0.0,0.7281213535589265,0.4561793517443224,0.0,0.0
882664cc13fffff,0.563407154446506,0.6036505226212564,0.6686114352392064,0.5902426054136118,8.45110731669759,0.0
882664cc15fffff,2.535332195009277,2.4146020904850256,0.9521586931155192,0.886896983352821,4.225553658348795,0.0
882664cc17fffff,1.690221463339518,3.018252613106282,0.9066511085180865,1.0712807331018195,0.0,0.0
882664cc19fffff,1.4085178861162653,1.2073010452425128,0.838973162193699,0.7540941096968186,0.0,0.0
882664cc1bfffff,1.690221463339518,1.8109515678637695,0.9276546091015169,0.7835105533506052,0.0,0.0
882664cc1dfffff,1.126814308893012,0.6036505226212564,0.8331388564760793,0.6808151945919129,4.225553658348795,0.0
882664cc21fffff,2.8170357722325305,3.6219031357275386,0.9591598599766628,0.9864955190200595,21.127768291743976,0.0
882664cc23fffff,1.4085178861162653,3.018252613106282,0.9008168028004667,0.9799768071978665,12.676660975046383,0.3333333333333333
882664cc25fffff,2.535332195009277,0.6036505226212564,0.9463243873978997,0.7223231692707174,16.90221463339518,0.0
882664cc27fffff,1.4085178861162648,1.8109515678637693,0.8051341890315052,0.984405596899013,8.45110731669759,0.0
882664cc29fffff,1.126814308893012,0.6036505226212564,0.7409568261376897,0.6972340921453967,12.676660975046383,0.0
882664cc2bfffff,2.535332195009277,1.8109515678637693,0.9544924154025671,0.8214452612762724,8.45110731669759,0.0
882664cc2dfffff,1.4085178861162653,1.8109515678637693,0.7549591598599766,1.0876066599933312,12.676660975046383,0.0
882664cc31fffff,4.225553658348795,4.225553658348795,0.9813302217036174,1.1344706710667969,0.0,0.3333333333333333
882664cc33fffff,2.394480406397651,1.2073010452425128,0.9194865810968494,0.7751250479191536,12.676660975046383,0.0
882664cc35fffff,2.535332195009277,2.4146020904850256,0.9509918319719953,1.0088659950223806,12.676660975046383,0.3333333333333333
882664cc37fffff,1.4085178861162648,0.6036505226212564,0.8786464410735122,0.6017846585859429,12.676660975046383,0.0
882664cc39fffff,2.8170357722325305,1.2073010452425128,0.9626604434072346,0.6950234796952371,12.676660975046383,0.0
882664cc3bfffff,2.9578875608441564,1.8109515678637693,0.9533255542590432,1.0783052678457157,4.225553658348795,0.0
882664cc3dfffff,2.8170357722325305,3.018252613106282,0.9498249708284714,0.928188447161764,21.127768291743976,0.0
882664cc41fffff,1.9719250405627708,1.2073010452425128,0.8611435239206534,0.8632718393610177,12.676660975046383,0.0
882664cc43fffff,1.126814308893012,1.8109515678637693,0.5787631271878646,2.054799134465132,4.225553658348795,0.6666666666666666
882664cc45fffff,1.5493696747278916,2.4146020904850256,0.8634772462077013,1.2124297876002799,12.676660975046383,0.3333333333333333
882664cc47fffff,1.8310732519511443,2.4146020904850256,0.8226371061843641,1.3585225082309453,12.676660975046383,0.3333333333333333
882664cc49fffff,3.098739349455783,2.4146020904850256,0.9778296382730455,0.762241543221437,4.225553658348795,0.0
882664cc4bfffff,0.7042589430581326,0.6036505226212564,0.6044340723453909,0.7323561734974704,8.45110731669759,0.0
882664cc4dfffff,1.4085178861162653,1.2073010452425128,0.8413068844807468,1.0574524416002424,16.90221463339518,0.3333333333333333
882664cc51fffff,0.7042589430581326,1.2073010452425128,0.6417736289381564,1.179435057412869,0.0,0.6666666666666666
882664cc53fffff,0.563407154446506,0.0,0.6966161026837806,0.3443194073733302,8.45110731669759,0.0
882664cc55fffff,0.4225553658348795,0.0,0.40840140023337224,0.8324266974085704,8.45110731669759,0.0
882664cc57fffff,2.535332195009277,2.4146020904850256,0.9358226371061843,1.0097413016624197,8.45110731669759,0.3333333333333333
882664cc59fffff,1.126814308893012,1.2073010452425128,0.7117852975495916,1.0311088372060897,12.676660975046383,0.0
882664cc5bfffff,0.0,0.0,0.14585764294049008,0.00951407762258595,8.45110731669759,0.0
882664cc5dfffff,0.1408517886116265,0.0,0.27304550758459745,0.2495503711126825,12.676660975046383,0.0
882664cc61fffff,0.281703577223253,0.0,0.31738623103850644,0.9121591831048136,0.0,0.0
882664cc63fffff,0.1408517886116265,0.0,0.3103850641773629,0.16675688372848804,4.225553658348795,0.0
882664cc65fffff,2.253628617786024,1.8109515678637693,0.8809801633605602,1.2524519339800988,16.90221463339518,0.3333333333333333
882664cc67fffff,3.2395911380674094,2.4146020904850256,0.9346557759626605,1.2505700689774923,16.90221463339518,0.0
882664cc69fffff,0.281703577223253,0.6036505226212564,0.38273045507584597,1.2595137917067554,16.90221463339518,0.0
882664cc6bfffff,1.4085178861162653,1.8109515678637693,0.8588098016336057,0.9918260408515073,16.90221463339518,0.3333333333333333
882664cc6dfffff,0.563407154446506,0.0,0.5285880980163361,0.5464368938991596,4.225553658348795,0.0
882664cc81fffff,1.126814308893012,0.6036505226212564,0.6429404900816803,0.884760803252361,4.225553658348795,0.0
882664cc83fffff,0.4225553658348795,0.0,0.5974329054842473,0.4150553171338654,4.225553658348795,0.0
882664cc85fffff,0.563407154446506,0.0,0.5239206534422404,0.46792524841228106,4.225553658348795,0.0
882664cc87fffff,0.281703577223253,1.2073010452425128,0.3897316219369895,1.4371367602008471,4.225553658348795,0.0
882664cc89fffff,0.563407154446506,0.6036505226212564,0.6079346557759626,0.7118604006927574,4.225553658348795,0.0
882664cc8bfffff,0.281703577223253,0.0,0.40723453908984836,0.6540558481541757,8.45110731669759,0.0
882664cc8dfffff,1.4085178861162653,1.8109515678637693,0.6861143523920653,1.197993033429829,8.45110731669759,0.0
882664cc91fffff,0.9859625202813854,0.6036505226212564,0.6441073512252042,0.5776675858292626,0.0,0.0
882664cc93fffff,0.845110731669759,1.2073010452425128,0.6767794632438738,1.0924963785164516,0.0,0.0
882664cc95fffff,0.563407154446506,0.6036505226212564,0.4235705950991832,1.4268948228934109,0.0,0.0
882664cc97fffff,0.0,0.0,0.11668611435239207,0.0024380756176816854,0.0,0.0
882664cc99fffff,0.281703577223253,0.6036505226212564,0.38156359393232203,1.1943361891310313,0.0,0.0
882664cc9bfffff,0.0,0.0,0.18319719953325556,0.14138965178182414,0.0,0.0
882664cc9dfffff,0.845110731669759,0.6036505226212564,0.6639439906651109,0.690860000552195,0.0,0.0
882664cca1fffff,1.8310732519511443,3.018252613106282,0.7841306884480747,1.4503175446872596,0.0,0.3333333333333333
882664cca3fffff,0.1408517886116265,0.0,0.29638273045507585,0.7408670681431438,4.225553658348795,0.0
882664cca5fffff,1.4085178861162653,1.2073010452425128,0.8191365227537922,0.7920858409536611,4.225553658348795,0.0
882664cca7fffff,1.2676660975046385,1.8109515678637695,0.7817969661610268,1.1428203074688694,4.225553658348795,0.6666666666666666
882664cca9fffff,0.8451107316697589,0.6036505226212564,0.7234539089848308,0.6846499102622693,4.225553658348795,0.0
882664ccabfffff,0.845110731669759,0.6036505226212564,0.6406067677946324,0.8256491532604585,4.225553658348795,0.0
882664ccadfffff,0.563407154446506,0.0,0.44807467911318555,0.7580305484514982,4.225553658348795,0.0
882664ccb1fffff,0.1408517886116265,0.0,0.23570595099183198,0.2654392565512627,0.0,0.0
882664ccb3fffff,0.1408517886116265,0.6036505226212564,0.21936989498249707,1.9572293330423474,0.0,0.0
882664ccb5fffff,0.4225553658348795,0.0,0.6301050175029171,0.24237438119836419,0.0,0.0
882664ccb7fffff,0.563407154446506,0.6036505226212564,0.5040840140023337,0.8144341759244161,0.0,0.0
882664ccb9fffff,0.281703577223253,0.0,0.2812135355892649,1.044472030470328,0.0,0.0
882664ccbbfffff,0.281703577223253,0.0,0.2637106184364061,1.211327348896543,0.0,0.0
882664ccbdfffff,0.1408517886116265,0.6036505226212564,0.3617269544924154,0.9227326427817624,0.0,0.0
882664ccc1fffff,0.7042589430581326,1.8109515678637693,0.7059509918319721,1.3289701938873626,8.45110731669759,0.6666666666666666
882664ccc3fffff,0.563407154446506,0.6036505226212564,0.5005834305717619,1.2096392720562843,8.45110731669759,0.0
882664ccc5fffff,1.126814308893012,1.2073010452425128,0.8004667444574096,0.788990570113568,4.225553658348795,0.6666666666666666
882664ccc7fffff,0.9859625202813854,0.6036505226212564,0.5962660443407235,0.9337091055107726,16.90221463339518,0.0
882664ccc9fffff,0.7042589430581326,0.0,0.7572928821470245,0.3899906859087156,4.225553658348795,0.0
882664cccbfffff,1.5493696747278916,1.8109515678637693,0.8658109684947491,0.9306810272405222,12.676660975046383,0.3333333333333333
882664cccdfffff,2.394480406397651,2.4146020904850256,0.9229871645274214,1.0856945813739662,12.676660975046383,0.3333333333333333
882664ccd1fffff,1.5493696747278916,1.2073010452425128,0.8168028004667445,0.8179525074232825,0.0,0.0
882664ccd3fffff,1.5493696747278916,2.4146020904850256,0.7829638273045507,1.1538577467074296,0.0,0.3333333333333333
882664ccd5fffff,0.563407154446506,0.0,0.5507584597432905,0.5584800543269705,4.225553658348795,0.0
882664ccd7fffff,0.563407154446506,0.0,0.5635939323220537,0.6759769307862474,0.0,0.0
882664ccd9fffff,1.8310732519511446,1.8109515678637693,0.8308051341890316,0.9498500900949022,8.45110731669759,0.0
882664ccdbfffff,1.9719250405627708,0.6036505226212564,0.910151691948658,0.5652971155179829,0.0,0.0
882664ccddfffff,1.2676660975046385,1.2073010452425128,0.6931155192532089,1.1690899771846621,8.45110731669759,0.0
882664cce1fffff,4.648109024183674,5.432854703591308,0.9941656942823803,1.1419110858284482,4.225553658348795,0.3333333333333333
882664cce3fffff,1.8310732519511443,1.2073010452425128,0.8669778296382731,1.0151473135558646,4.225553658348795,0.0
882664cce5fffff,1.4085178861162648,1.8109515678637693,0.751458576429405,1.0339191301740878,8.45110731669759,0.0
882664cce7fffff,0.281703577223253,0.6036505226212564,0.41890315052508753,0.8991375945079622,8.45110731669759,0.0
882664cce9fffff,3.9438500811255417,5.432854703591308,0.9906651108518086,1.187989413258028,12.676660975046383,0.0
882664ccebfffff,1.690221463339518,1.8109515678637693,0.8448074679113186,0.8997595720085587,12.676660975046383,0.0
882664ccedfffff,1.9719250405627713,1.2073010452425128,0.9299883313885647,0.7289955139374614,8.45110731669759,0.0
882664cd01fffff,1.2676660975046385,0.6036505226212564,0.7677946324387398,0.8009947786580379,4.225553658348795,0.0
882664cd03fffff,1.8310732519511443,1.8109515678637693,0.9253208868144691,0.8103253641255663,8.45110731669759,0.3333333333333333
882664cd05fffff,0.7042589430581326,0.6036505226212564,0.5262543757292882,1.06825391548441,8.45110731669759,0.3333333333333333
882664cd07fffff,2.253628617786024,3.018252613106282,0.9206534422403734,1.0900069989038164,12.676660975046383,0.0
882664cd09fffff,0.563407154446506,1.2073010452425128,0.617269544924154,0.965521268720989,8.45110731669759,0.0
882664cd0bfffff,1.126814308893012,1.2073010452425128,0.7164527421236873,0.9155556347168728,12.676660975046383,0.0
882664cd0dfffff,0.9859625202813854,0.6036505226212564,0.6837806301050176,0.75568650664282,4.225553658348795,0.0
882664cd11fffff,1.4085178861162653,1.2073010452425128,0.8459743290548425,0.916410690762823,12.676660975046383,0.3333333333333333
882664cd13fffff,1.126814308893012,1.2073010452425128,0.7911318553092183,0.794084146290488,12.676660975046387,0.3333333333333333
882664cd15fffff,2.1127768291743974,1.8109515678637693,0.9159859976662778,0.8375883982581344,16.90221463339518,0.0
882664cd17fffff,1.4085178861162653,2.4146020904850256,0.8436406067677945,0.889886374802619,4.225553658348795,0.0
882664cd19fffff,1.2676660975046385,1.8109515678637693,0.7712952158693116,1.1451162618489874,4.225553658348795,0.0
882664cd1bfffff,2.1127768291743974,2.4146020904850256,0.9241540256709452,0.9870112570597014,8.45110731669759,0.0
882664cd1dfffff,1.126814308893012,0.6036505226212564,0.8179696616102684,0.6248407278707511,8.45110731669759,0.3333333333333333
882664cd21fffff,1.4085178861162653,1.8109515678637693,0.7362893815635939,1.3924808032793254,8.45110731669759,0.6666666666666666
882664cd23fffff,0.563407154446506,0.0,0.5367561260210035,0.33368362227026543,4.225553658348795,0.0
882664cd25fffff,1.4085178861162653,1.2073010452425128,0.7701283547257877,1.0560761925765059,4.225553658348795,0.0
882664cd27fffff,0.7042589430581326,0.0,0.5495915985997666,0.38981548552314416,8.45110731669759,0.0
882664cd29fffff,0.281703577223253,0.0,0.3337222870478413,0.4951748393670498,4.225553658348795,0.0
882664cd2bfffff,0.4225553658348795,0.0,0.5099183197199533,0.6768030691151866,8.45110731669759,0.0
882664cd2dfffff,0.845110731669759,0.0,0.6569428238039673,0.652813976795082,12.676660975046383,0.0
882664cd31fffff,0.4225553658348795,0.0,0.3033838973162194,0.9765552190877052,8.45110731669759,0.0
882664cd33fffff,0.563407154446506,1.2073010452425128,0.4737456242707118,1.580498633863033,4.225553658348795,0.0
882664cd35fffff,0.4225553658348795,0.0,0.4749124854142357,0.37315257774490496,0.0,0.0
882664cd37fffff,0.563407154446506,0.0,0.4947491248541424,0.6151832196011847,0.0,0.0
882664cd39fffff,2.9578875608441564,4.225553658348795,0.9743290548424738,1.0456813633187005,8.45110731669759,0.3333333333333333
882664cd3bfffff,1.2676660975046383,1.8109515678637695,0.7012835472578763,1.5892297241947426,8.45110731669759,0.0
882664cd3dfffff,0.563407154446506,0.0,0.5915985997666278,0.30593822628222456,4.225553658348795,0.0
882664cd41fffff,1.4085178861162648,1.8109515678637693,0.8354725787631271,1.1764637682920966,16.90221463339518,0.0
882664cd43fffff,1.5493696747278918,1.2073010452425128,0.808634772462077,0.9661966893861532,8.45110731669759,0.0
882664cd45fffff,0.845110731669759,0.6036505226212564,0.5997666277712952,1.10614821478044,4.225553658348795,0.3333333333333333
882664cd47fffff,0.4225553658348795,0.6036505226212564,0.44690781796966156,1.0237697610829668,8.45110731669759,0.0
882664cd49fffff,0.281703577223253,0.6036505226212564,0.41656942823803966,0.9762104289227699,8.45110731669759,0.0
882664cd4bfffff,0.845110731669759,0.6036505226212564,0.6814469078179698,0.8190997679706632,0.0,0.3333333333333333
882664cd4dfffff,2.394480406397651,3.018252613106282,0.8833138856476079,1.2346612046206986,8.45110731669759,0.3333333333333333
882664cd51fffff,1.690221463339518,3.6219031357275386,0.9031505250875146,1.2265062522191108,16.90221463339518,0.0
882664cd53fffff,2.535332195009277,2.4146020904850256,0.9089848308051341,1.194587505339373,21.127768291743976,0.6666666666666666
882664cd55fffff,0.845110731669759,1.2073010452425128,0.6744457409568262,0.9002533304820358,0.0,0.3333333333333333
882664cd57fffff,0.0,0.0,0.31388564760793464,0.10990834686620836,8.45110731669759,0.0
882664cd59fffff,1.690221463339518,1.8109515678637695,0.7899649941656944,1.1754698329255866,16.90221463339518,0.0
882664cd5bfffff,1.4085178861162653,1.8109515678637693,0.8144690781796967,1.0216700822075608,4.225553658348795,0.3333333333333333
882664cd5dfffff,1.126814308893012,0.6036505226212564,0.7374562427071178,0.6918997730868391,8.45110731669759,0.0
882664cd61fffff,0.4225553658348795,0.0,0.47724620770128356,0.3006172551386716,0.0,0.0
882664cd63fffff,0.1408517886116265,0.0,0.2613768961493582,1.0017396062650685,4.225553658348795,0.0
882664cd65fffff,0.281703577223253,0.0,0.5029171528588098,0.27817908183491713,0.0,0.0
882664cd67fffff,0.9859625202813854,1.2073010452425128,0.6732788798133024,0.8807523987356195,4.225553658348795,0.0
882664cd69fffff,0.563407154446506,1.2073010452425128,0.45740956826137696,1.3148014263040002,8.45110731669759,0.0
882664cd6bfffff,0.563407154446506,0.6036505226212564,0.4725787631271879,0.7863161994605581,8.45110731669759,0.0
882664cd6dfffff,0.845110731669759,1.2073010452425128,0.5064177362893816,1.2715434587277208,0.0,0.0
882664cd81fffff,1.5493696747278918,0.0,0.7852975495915985,0.9433155086075024,0.0,0.0
882664cd83fffff,1.126814308893012,1.8109515678637693,0.7747957992998833,1.0129077245475087,0.0,0.0
882664cd85fffff,0.281703577223253,0.6036505226212564,0.29054842473745623,1.6045204960515018,0.0,0.0
882664cd87fffff,0.0,0.0,0.10151691948658109,0.0001107048897492723,0.0,0.0
882664cd89fffff,1.2676660975046385,2.4146020904850256,0.868144690781797,1.1303569060727268,4.225553658348795,0.3333333333333333
882664cd8bfffff,0.563407154446506,0.0,0.7129521586931156,0.526992750724638,4.225553658348795,0.0
882664cd8dfffff,1.5493696747278916,2.4146020904850256,0.7631271878646441,1.3382955964303511,0.0,0.0
882664cd91fffff,0.7042589430581326,0.6036505226212564,0.646441073512252,0.7711407790567351,4.225553658348795,0.0
882664cd93fffff,1.4085178861162648,1.2073010452425128,0.7689614935822636,0.8145795498672364,12.676660975046383,0.0
882664cd95fffff,0.563407154446506,0.6036505226212564,0.7607934655775962,0.5082250870988299,12.676660975046383,0.0
882664cd97fffff,0.845110731669759,0.6036505226212564,0.5554259043173863,0.9992677323240405,8.45110731669759,0.0
882664cd99fffff,0.7042589430581326,0.0,0.49241540256709454,0.8202397096085722,8.45110731669759,0.0
882664cd9bfffff,0.845110731669759,1.8109515678637693,0.704784130688448,1.3899123120448296,8.45110731669759,0.3333333333333333
882664cd9dfffff,0.4225553658348795,1.2073010452425128,0.411901983663944,1.358130434650076,8.45110731669759,0.0
882664cda1fffff,0.0,0.0,0.16919486581096846,0.15627930655879796,4.225553658348795,0.0
882664cda5fffff,0.0,0.0,0.1073512252042007,0.00021679819856556103,0.0,0.0
882664cda9fffff,0.0,0.0,0.3045507584597433,0.15954130272490322,0.0,0.0
882664cdabfffff,0.1408517886116265,0.0,0.16569428238039674,0.8138804750998546,0.0,0.0
882664cdadfffff,0.281703577223253,0.0,0.34655775962660446,0.34464179533815087,4.225553658348795,0.0
882664cdb1fffff,0.0,0.0,0.09568261376896149,1.767525511152597e-05,0.0,0.0
882664cdb3fffff,0.1408517886116265,0.0,0.2532088681446908,0.43227693829299724,0.0,0.0
882664cdb5fffff,0.0,0.0,0.054842473745624266,9.41553323995524e-09,0.0,0.0
882664cdb7fffff,0.281703577223253,0.0,0.3500583430571762,0.28895355214617785,0.0,0.0
882664cdb9fffff,1.2676660975046385,1.2073010452425128,0.6522753792298717,1.213778305751996,0.0,0.3333333333333333
882664cdbbfffff,0.0,0.0,0.34305717619603265,0.10502611984405678,4.225553658348795,0.0
882664cdbdfffff,0.1408517886116265,0.0,0.24037339556592766,0.3500156033216979,0.0,0.0
882664cdc1fffff,1.2676660975046385,1.2073010452425128,0.8623103850641773,0.8031293759639929,8.45110731669759,0.0
882664cdc3fffff,1.8310732519511443,1.2073010452425128,0.9148191365227539,0.5917682366833091,8.45110731669759,0.0
882664cdc5fffff,0.9859625202813854,1.8109515678637693,0.7876312718786465,1.1193063317345295,0.0,0.3333333333333333
882664cdc7fffff,3.9438500811255417,6.640155748833821,0.9859976662777129,1.2430563477145506,4.225553658348795,0.0
882664cdc9fffff,1.9719250405627708,1.8109515678637693,0.8949824970828472,1.0116463910293234,12.676660975046383,0.0
882664cdcbfffff,1.8310732519511446,0.6036505226212564,0.94049008168028,0.7409370294236006,0.0,0.0
882664cdcdfffff,2.394480406397651,3.018252613106282,0.8798133022170361,1.2529707427608443,12.676660975046383,0.0
882664cdd1fffff,0.845110731669759,0.0,0.5822637106184364,0.7633419591241429,8.45110731669759,0.0
882664cdd3fffff,0.7042589430581326,0.6036505226212564,0.6126021003500584,0.7882621491290195,0.0,0.0
882664cdd5fffff,0.9859625202813854,2.4146020904850256,0.7537922987164527,1.1831153712934983,0.0,0.3333333333333333
882664cdd7fffff,0.563407154446506,0.0,0.6359393232205367,0.5777050982777545,4.225553658348795,0.0
882664cdd9fffff,1.690221463339518,0.6036505226212564,0.7782963827304551,1.0693948243905043,4.225553658348795,0.3333333333333333
882664cddbfffff,1.8310732519511446,1.8109515678637695,0.8273045507584597,0.8636633244209083,8.45110731669759,0.0
882664cdddfffff,1.2676660975046385,2.4146020904850256,0.852975495915986,1.0276792668645065,12.676660975046383,0.0
882664cde1fffff,0.845110731669759,0.0,0.5017502917152858,0.5692065128784513,0.0,0.0
882664cde3fffff,0.281703577223253,0.6036505226212564,0.41773628938156354,1.0012527900205677,0.0,0.0
882664cde5fffff,0.1408517886116265,0.0,0.26721120186697783,0.1864409126010941,0.0,0.0
882664cde7fffff,0.281703577223253,0.0,0.4457409568261377,0.5249508589373018,0.0,0.0
882664cde9fffff,0.281703577223253,0.0,0.4445740956826138,0.6680196335012618,8.45110731669759,0.0
882664cdebfffff,0.9859625202813854,1.8109515678637693,0.6989498249708285,1.2855737422524847,4.225553658348795,0.0
882664cdedfffff,0.4225553658348795,0.6036505226212564,0.441073512252042,0.7962845764233503,8.45110731669759,0.0
882664ce21fffff,0.9859625202813854,1.8109515678637693,0.7351225204200699,1.0276115448430907,4.225553658348795,0.0
882664ce23fffff,0.563407154446506,1.2073010452425128,0.558926487747958,1.2588029472545197,4.225553658348795,0.3333333333333333
882664ce25fffff,1.5493696747278916,1.8109515678637693,0.8133022170361727,1.1372245014119906,4.225553658348795,0.3333333333333333
882664ce27fffff,1.6902214633395178,1.8109515678637695,0.882147024504084,1.0110809006720958,4.225553658348795,0.0
882664ce2dfffff,0.563407154446506,1.2073010452425128,0.6067677946324388,1.029501353754045,8.45110731669759,0.0
882664ce31fffff,0.0,0.0,0.30221703617269546,0.1097303911608702,8.45110731669759,0.0
882664ce33fffff,0.1408517886116265,0.6036505226212564,0.22287047841306884,2.0062095489330942,4.225553658348795,0.0
882664ce35fffff,0.845110731669759,2.4146020904850256,0.662777129521587,1.5541307711822057,4.225553658348795,0.0
882664ce37fffff,1.4085178861162653,2.4146020904850256,0.9288214702450408,0.7482181058486516,4.225553658348795,0.3333333333333333
882664ce3dfffff,0.0,0.0,0.012835472578763127,1.4224453562466411e-39,4.225553658348795,0.0
882664ce65fffff,0.0,0.0,0.049008168028004666,2.2607307391561788e-11,0.0,0.0
882664cea1fffff,4.366405446960422,4.225553658348795,0.9871645274212368,1.04446484738899,0.0,0.3333333333333333
882664cea3fffff,3.2395911380674094,3.6219031357275386,0.9754959159859977,0.9969041714574187,4.225553658348795,0.0
882664cea5fffff,2.9578875608441564,3.6219031357275386,0.9789964994165694,0.7408775343141748,4.225553658348795,0.0
882664cea7fffff,4.084701869737168,1.8109515678637693,0.9964994165694282,0.5938560836383877,4.225553658348795,0.0
882664ceadfffff,0.1408517886116265,0.6036505226212564,0.31971995332555425,0.9064961014785556,4.225553658348795,0.0
882664ceb1fffff,1.4085178861162653,1.2073010452425128,0.8704784130688448,0.7930792838150484,8.45110731669759,0.0
882664ceb3fffff,0.7042589430581326,1.2073010452425128,0.5414235705950992,1.3780452983142208,8.45110731669759,0.0
882664ceb5fffff,4.929812601406927,5.432854703591308,0.9953325554259043,1.108047833899113,8.45110731669759,0.3333333333333333
882664ceb7fffff,1.2676660975046385,1.8109515678637693,0.8541423570595099,1.004462881721477,0.0,0.6666666666666666
882664cebdfffff,0.563407154446506,1.2073010452425128,0.6266044340723453,1.1438416468236199,0.0,0.0
882664cf01fffff,0.281703577223253,1.2073010452425128,0.5180863477246208,0.9723425762928718,0.0,0.0
882664cf03fffff,0.7042589430581326,0.0,0.5460910151691949,0.5263268030485329,0.0,0.0
882664cf05fffff,0.845110731669759,0.6036505226212564,0.572928821470245,0.6900906533397905,0.0,0.0
882664cf07fffff,0.1408517886116265,0.0,0.1855309218203034,1.401055020977361,0.0,0.0
882664cf09fffff,0.7042589430581326,0.0,0.6942823803967327,0.5338836001768721,0.0,0.0
882664cf0bfffff,0.4225553658348795,0.0,0.5670945157526255,0.5795393357780692,0.0,0.0
882664cf0dfffff,0.0,0.0,0.3383897316219369,0.06387600531705714,0.0,0.0
882664cf11fffff,0.845110731669759,1.2073010452425128,0.7001166861143524,0.7706662202324939,8.45110731669759,0.0
882664cf13fffff,1.9719250405627708,0.6036505226212564,0.8903150525087514,0.6139529559093679,8.45110731669759,0.0
882664cf15fffff,0.4225553658348795,0.6036505226212564,0.4690781796966161,1.2590238405927583,0.0,0.0
882664cf17fffff,0.9859625202813854,1.2073010452425128,0.6849474912485413,1.1050324648745773,8.45110731669759,0.0
882664cf19fffff,1.2676660975046385,0.0,0.7304550758459744,0.768878835660118,8.45110731669759,0.0
882664cf1bfffff,2.1127768291743974,2.4146020904850256,0.897316219369895,1.0160419181945173,12.676660975046383,0.3333333333333333
882664cf1dfffff,1.8310732519511446,1.2073010452425128,0.8261376896149358,1.193680365587557,0.0,0.0
882664cf21fffff,0.9859625202813854,1.8109515678637693,0.6219369894982497,1.428065735220961,0.0,0.3333333333333333
882664cf23fffff,0.0,0.0,0.15052508751458576,0.15437725650362333,0.0,0.0
882664cf25fffff,0.1408517886116265,0.0,0.294049008168028,0.6552188110327812,0.0,0.0
882664cf27fffff,0.9859625202813854,1.2073010452425128,0.6592765460910152,1.2575716071528087,4.225553658348795,0.0
882664cf29fffff,0.0,0.0,0.25787631271878647,0.13775087393651625,0.0,0.0
882664cf2bfffff,0.9859625202813854,0.6036505226212564,0.544924154025671,0.8534617798050742,0.0,0.0
882664cf2dfffff,0.0,0.0,0.14002333722287047,0.03139088839394133,0.0,0.0
882664cf31fffff,1.126814308893012,0.0,0.6277712952158693,0.8744538852467013,4.225553658348795,0.0
882664cf33fffff,1.4085178861162648,3.018252613106282,0.7887981330221704,1.3464621544461457,0.0,0.3333333333333333
882664cf35fffff,0.8451107316697589,1.2073010452425128,0.6184364060676779,0.9729870774283199,4.225553658348795,0.0
882664cf37fffff,3.098739349455783,4.225553658348795,0.9638273045507585,1.1289192379877266,8.45110731669759,0.0
882664cf39fffff,0.0,0.0,0.08984830805134188,1.2238986287339958e-05,0.0,0.0
882664cf3bfffff,0.281703577223253,0.0,0.3418903150525088,0.6566780015871677,4.225553658348795,0.0
882664cf3dfffff,0.4225553658348795,0.0,0.4049008168028005,0.38080591019476184,0.0,0.0
882664cf41fffff,1.690221463339518,1.8109515678637693,0.8716452742123687,0.9948919023479363,8.45110731669759,0.0
882664cf43fffff,0.7042589430581326,0.0,0.4620770128354726,0.9494368619260283,4.225553658348795,0.0
882664cf45fffff,1.2676660975046385,0.6036505226212564,0.7432905484247373,0.892545581111023,0.0,0.3333333333333333
882664cf47fffff,0.281703577223253,0.0,0.485414235705951,0.4740683422591741,0.0,0.0
882664cf49fffff,0.7042589430581326,0.0,0.5775962660443408,0.4652714197455137,8.45110731669759,0.0
882664cf4bfffff,1.5493696747278916,0.6036505226212564,0.8564760793465579,0.8179491080924497,8.45110731669759,0.3333333333333333
882664cf4dfffff,0.563407154446506,0.0,0.5624270711785297,0.37198237134511775,4.225553658348795,0.0
882664cf51fffff,1.126814308893012,0.0,0.7922987164527421,0.655628040013342,4.225553658348795,0.0
882664cf53fffff,3.802998292513916,3.018252613106282,0.9766627771295214,0.8773535579988061,4.225553658348795,0.3333333333333333
882664cf55fffff,0.845110731669759,0.0,0.6476079346557759,0.7117329692616324,0.0,0.0
882664cf57fffff,0.7042589430581326,1.2073010452425128,0.5950991831971996,1.2305883180145454,4.225553658348795,0.0
882664cf59fffff,1.2676660975046385,1.8109515678637693,0.7036172695449242,1.3240621822842509,0.0,0.0
882664cf5bfffff,0.1408517886116265,0.6036505226212564,0.4002333722287048,1.1421517528519043,4.225553658348795,0.3333333333333333
882664cf5dfffff,0.7042589430581326,0.0,0.67561260210035,0.4410635928289886,4.225553658348795,0.0
882664cf61fffff,0.1408517886116265,0.0,0.47841306884480744,0.24034091488147372,0.0,0.0
882664cf63fffff,0.0,0.0,0.09801633605600933,7.086383020495666e-05,0.0,0.0
882664cf65fffff,0.7042589430581326,0.6036505226212564,0.7619603267211202,0.4072025677987601,0.0,0.0
882664cf67fffff,0.1408517886116265,0.0,0.2742123687281214,0.6174612651054538,0.0,0.0
882664cf69fffff,2.394480406397651,1.2073010452425128,0.9381563593932322,0.7604005319518944,0.0,0.0
882664cf6bfffff,0.0,0.0,0.20420070011668612,0.017979039866192714,0.0,0.0
882664cf6dfffff,0.281703577223253,0.0,0.49708284714119017,0.36329482286430365,0.0,0.0
882664d811fffff,0.563407154446506,0.6036505226212564,0.5110851808634772,1.1898851143705202,0.0,0.0
882664d813fffff,1.2676660975046385,1.2073010452425128,0.823803967327888,0.8093303803159312,4.225553658348795,0.0
882664d815fffff,0.0,0.0,0.11435239206534424,0.0041301822346534985,0.0,0.0
882664d817fffff,0.7042589430581326,0.6036505226212564,0.6709451575262544,0.5832067382078955,0.0,0.0
882664d81bfffff,4.366405446960422,4.225553658348795,0.9883313885647608,1.189557457625588,4.225553658348795,0.6666666666666666
882664d833fffff,0.0,0.0,0.1528588098016336,0.08101637065443278,4.225553658348795,0.0
882664d839fffff,0.0,0.0,0.01633605600933489,9.321981889384982e-35,0.0,0.0
882664d83bfffff,0.0,0.0,0.176196032672112,0.029604388957707842,0.0,0.0
882664d881fffff,0.281703577223253,0.6036505226212564,0.44340723453908987,0.9909290494702169,0.0,0.0
882664d883fffff,0.7042589430581326,1.2073010452425128,0.5250875145857643,1.5113998173116716,0.0,0.3333333333333333
882664d885fffff,0.0,0.0,0.015169194865810968,1.5683168080965646e-35,0.0,0.0
882664d887fffff,0.281703577223253,0.0,0.3803967327887981,0.4193035724201009,0.0,0.0
882664d889fffff,0.9859625202813854,1.2073010452425128,0.6312718786464411,0.9939038340235385,4.225553658348795,0.0
882664d88bfffff,1.690221463339518,1.2073010452425128,0.9311551925320888,0.6153991708343153,0.0,0.0
882664d88dfffff,0.563407154446506,1.2073010452425128,0.5320886814469078,0.9416273577909675,0.0,0.0
882664d891fffff,0.9859625202813854,0.6036505226212564,0.8739789964994166,0.5096653211848515,0.0,0.0
882664d893fffff,0.9859625202813854,0.0,0.7456242707117853,0.644381175358355,4.225553658348795,0.0
882664d895fffff,2.8170357722325305,1.8109515678637693,0.9078179696616102,0.9918940224537528,4.225553658348795,0.0
882664d897fffff,1.690221463339518,0.6036505226212564,0.926487747957993,0.5629972785155206,8.45110731669759,0.0
882664d899fffff,0.0,0.0,0.14935822637106183,0.03609633080622684,0.0,0.0
882664d89bfffff,0.0,0.0,0.1750291715285881,0.034748942932096745,0.0,0.0
882664d89dfffff,2.8170357722325305,2.4146020904850256,0.9649941656942825,0.8008864033496622,0.0,0.0
882664d8a1fffff,0.4225553658348795,0.6036505226212564,0.42707117852975496,1.0866871382058043,0.0,0.0
882664d8a3fffff,0.563407154446506,0.6036505226212564,0.5659276546091015,0.8268914311270527,4.225553658348795,0.0
882664d8a5fffff,0.563407154446506,0.6036505226212564,0.5647607934655776,1.0660079227606492,4.225553658348795,0.3333333333333333
882664d8a7fffff,0.1408517886116265,0.0,0.5192532088681447,0.21719216793986404,12.676660975046383,0.0
882664d8a9fffff,0.7042589430581326,1.2073010452425128,0.5612602100350058,1.077086900662871,4.225553658348795,0.0
882664d8abfffff,1.4085178861162653,0.0,0.7736289381563594,0.9563237966938457,4.225553658348795,0.0
882664d8adfffff,0.4225553658348795,0.0,0.5845974329054843,0.2744990257663669,4.225553658348795,0.0
882664d8b1fffff,0.281703577223253,0.0,0.36406067677946324,0.9094248686215757,4.225553658348795,0.0
882664d8b3fffff,0.563407154446506,0.0,0.4644107351225204,0.7141449635957229,4.225553658348795,0.0
882664d8b5fffff,0.7042589430581326,0.6036505226212564,0.6091015169194866,0.6483001920657274,0.0,0.0
882664d8b7fffff,0.1408517886116265,0.0,0.33605600933488916,0.21566081939461948,0.0,0.0
882664d8b9fffff,0.4225553658348795,1.2073010452425128,0.4795799299883314,1.3214459312619067,4.225553658348795,0.0
882664d8bbfffff,0.4225553658348795,0.0,0.44224037339556593,0.5637352830250826,0.0,0.0
882664d8bdfffff,0.0,0.0,0.38623103850641777,0.03900349818972192,0.0,0.0
882664d8c1fffff,1.5493696747278916,1.2073010452425128,0.8378063010501751,0.6858335703591688,8.45110731669759,0.0
882664d8c3fffff,1.126814308893012,1.8109515678637693,0.7759626604434072,1.1118732442588022,0.0,0.0
882664d8c5fffff,0.0,0.0,0.603267211201867,0.1515361419358454,4.225553658348795,0.0
882664d8c7fffff,1.2676660975046385,1.2073010452425128,0.750291715285881,1.1966760793145157,4.225553658348795,0.3333333333333333
882664d8c9fffff,0.0,0.0,0.2077012835472579,0.09309173661493213,4.225553658348795,0.0
882664d8cbfffff,0.0,0.0,0.10618436406067679,0.005586466076779445,4.225553658348795,0.0
882664d8cdfffff,1.9719250405627708,1.2073010452425128,0.8891481913652276,0.8804141307604412,0.0,0.3333333333333333
882664d8d5fffff,1.5493696747278916,1.8109515678637695,0.8599766627771294,1.014195431558638,4.225553658348795,0.0
882664d8d7fffff,0.0,0.0,0.10851808634772463,0.0015991023824545507,0.0,0.0
882664d8e1fffff,1.2676660975046385,1.8109515678637693,0.733955659276546,1.1095390962075284,4.225553658348795,0.0
882664d8e3fffff,1.5493696747278916,0.6036505226212564,0.8016336056009333,0.8574838875478377,0.0,0.0
882664d8e5fffff,0.281703577223253,0.6036505226212564,0.42473745624270715,0.989505621026071,0.0,0.0
882664d8e7fffff,0.9859625202813854,1.8109515678637693,0.7642940490081681,0.9056882565194039,4.225553658348795,0.0
882664d8e9fffff,0.1408517886116265,0.0,0.3290548424737456,0.12063221869876499,0.0,0.0
882664d8ebfffff,1.5493696747278918,1.8109515678637695,0.7969661610268378,1.0290908521343374,0.0,0.3333333333333333
882664d8edfffff,0.563407154446506,1.2073010452425128,0.4329054842473746,2.0192163241069636,4.225553658348795,0.3333333333333333
882664d937fffff,0.0,0.0,0.12252042007001167,0.0323239908125052,0.0,0.0
882664d981fffff,0.0,0.0,0.16686114352392065,0.012313386075857741,0.0,0.0
882664d983fffff,0.1408517886116265,0.6036505226212564,0.24154025670945156,2.1795002561294377,0.0,0.0
882664d985fffff,0.0,0.0,0.06651108518086347,8.979186336419491e-07,0.0,0.0
882664d987fffff,0.0,0.0,0.09101516919486581,4.418481404132738e-05,0.0,0.0
882664d989fffff,0.1408517886116265,0.6036505226212564,0.19836639439906648,3.04385969313746,0.0,0.0
882664d98bfffff,0.0,0.0,0.17036172695449245,0.0973485722515434,0.0,0.0
882664d98dfffff,0.0,0.0,0.1190198366394399,0.011519768461943915,0.0,0.0
882664d991fffff,0.563407154446506,1.2073010452425128,0.5215869311551925,1.2988422297248936,0.0,0.0
882664d993fffff,1.5493696747278916,2.4146020904850256,0.8856476079346557,1.0256125080408132,12.676660975046383,0.0
882664d995fffff,0.1408517886116265,0.0,0.19019836639439905,2.2331086756893717,0.0,0.0
882664d997fffff,0.1408517886116265,0.0,0.2882147024504084,0.33175961276707605,0.0,0.0
882664d999fffff,0.0,0.0,0.056009334889148193,2.0552895774540862e-08,0.0,0.0
882664d99bfffff,0.281703577223253,0.0,0.32555425904317387,0.4718365892170509,8.45110731669759,0.0
882664d99dfffff,0.0,0.0,0.13302217036172695,0.13891000417781624,0.0,0.0
882664d9a1fffff,0.1408517886116265,0.0,0.3372228704784131,0.5665017642971719,0.0,0.0
882664d9a3fffff,0.1408517886116265,0.0,0.31271878646441076,0.4447358529117024,0.0,0.0
882664d9a5fffff,0.1408517886116265,0.0,0.18203033838973162,0.47905725249558584,0.0,0.0
882664d9a7fffff,0.281703577223253,0.0,0.4632438739789965,0.2660636557056158,0.0,0.0
882664d9a9fffff,0.0,0.0,0.08518086347724622,8.562453635436948e-05,0.0,0.0
882664d9abfffff,0.1408517886116265,0.0,0.23453908984830804,0.18443189453254996,0.0,0.0
882664d9adfffff,0.845110731669759,0.0,0.4912485414235706,0.9125788901778765,0.0,0.0
882664d9b1fffff,0.845110731669759,0.6036505226212564,0.7386231038506418,0.66038066511545,4.225553658348795,0.0
882664d9b3fffff,0.845110731669759,1.8109515678637693,0.6499416569428238,1.694680893665444,0.0,0.3333333333333333
882664d9b5fffff,0.4225553658348795,1.2073010452425128,0.46674445740956827,1.194465500981102,0.0,0.0
882664d9b7fffff,0.1408517886116265,0.0,0.3162193698949825,0.33008166323624355,4.225553658348795,0.0
882664d9b9fffff,0.1408517886116265,0.6036505226212564,0.26487747957992996,1.6104556106312418,0.0,0.0
882664d9bbfffff,0.281703577223253,0.6036505226212564,0.47024504084014,0.9747484093687654,4.225553658348795,0.0
882664d9bdfffff,0.1408517886116265,0.0,0.38739789964994165,0.3014671219223595,0.0,0.0
882664d9d1fffff,0.281703577223253,0.0,0.2847141190198366,0.8644486441999986,0.0,0.0
882664d9d3fffff,0.281703577223253,0.6036505226212564,0.2823803967327888,1.400556355695377,0.0,0.0
882664d9d5fffff,0.1408517886116265,0.0,0.16219369894982497,0.36302079076437294,0.0,0.0
882664d9d7fffff,0.281703577223253,0.0,0.30921820303383896,0.33696864513705976,0.0,0.0
882664d9dbfffff,0.4225553658348795,1.2073010452425128,0.4830805134189031,1.3512776065760574,4.225553658348795,0.0
882664d9e1fffff,0.0,0.0,0.07467911318553092,2.0443303785971632e-05,0.0,0.0
882664d9e3fffff,0.0,0.0,0.1423570595099183,0.19881137938363214,0.0,0.0
882664d9e5fffff,0.0,0.0,0.10385064177362895,0.0013723847261759338,0.0,0.0
882664d9e7fffff,0.0,0.0,0.01750291715285881,1.3852387581572027e-34,0.0,0.0
882664d9ebfffff,0.0,0.0,0.06884480746791131,3.2638476608556304e-06,0.0,0.0
882664d9edfffff,0.0,0.0,0.03617269544924154,4.2781037736958937e-19,0.0,0.0
882664daa5fffff,0.0,0.0,0.19136522753792298,0.24856606155573038,0.0,0.0
882664daa7fffff,0.1408517886116265,0.6036505226212564,0.3348891481913652,1.2048162037383419,4.225553658348795,0.0
8827593405fffff,0.0,0.0,0.03500583430571762,2.164482485350464e-19,0.0,0.0
8827593409fffff,0.0,0.0,0.03150525087514586,2.0495201009086493e-26,0.0,0.0
882759340bfffff,0.0,0.0,0.019836639439906652,1.1083599618769559e-32,0.0,0.0
8827593411fffff,0.0,0.0,0.06534422403733955,7.718610217272423e-07,0.0,0.0
8827593413fffff,0.0,0.0,0.1236872812135356,0.025768479348995812,0.0,0.0
8827593417fffff,0.0,0.0,0.06301050175029171,4.6363359080324626e-08,0.0,0.0
8827593419fffff,0.7042589430581326,1.2073010452425128,0.4025670945157526,2.075436041097791,0.0,0.0
882759341bfffff,0.0,0.0,0.10268378063010501,0.002799713798395404,0.0,0.0
882759341dfffff,0.0,0.0,0.07584597432905485,1.5148407342680328e-05,0.0,0.0
8827593423fffff,0.0,0.0,0.023337222870478413,1.0020731083604597e-29,0.0,0.0
8827593439fffff,0.0,0.0,0.045507584597432905,1.561364074011092e-13,0.0,0.0
882759343dfffff,0.0,0.0,0.040840140023337225,6.3077358559944395e-18,0.0,0.0
8827593457fffff,0.0,0.0,0.0618436406067678,1.448715163328196e-07,0.0,0.0
8827593485fffff,0.0,0.0,0.1633605600933489,0.10423020043173338,0.0,0.0
882759348dfffff,0.0,0.0,0.12718786464410736,0.03189621987888511,0.0,0.0
88275934a9fffff,0.0,0.0,0.046674445740956826,1.6081603458585792e-13,0.0,0.0
88275934abfffff,0.0,0.0,0.024504084014002333,2.0040547227487483e-29,0.0,0.0
88275934adfffff,0.0,0.0,0.07001166861143523,2.6131227116151313e-06,0.0,0.0
88275934c1fffff,0.0,0.0,0.039673278879813305,1.128411481951161e-18,0.0,0.0
88275934c5fffff,0.0,0.0,0.09334889148191365,0.00033707731261419606,0.0,0.0
88275934c7fffff,0.0,0.0,0.002333722287047841,1.501908677603851e-53,0.0,0.0
88275934cbfffff,0.0,0.0,0.05367561260210035,1.0062641617187316e-08,0.0,0.0
88275934d9fffff,0.0,0.0,0.11551925320886815,0.010046678547875063,0.0,0.0
88275934dbfffff,0.0,0.0,0.052508751458576426,7.414477124415831e-09,0.0,0.0
88275934ddfffff,0.0,0.0,0.026837806301050177,4.7631671035380005e-28,0.0,0.0
88275934e7fffff,0.0,0.0,0.060676779463243874,4.079106867245371e-08,0.0,0.0
88275934e9fffff,0.563407154446506,0.0,0.46791131855309215,0.45793693848876504,0.0,0.0
88275934edfffff,0.9859625202813854,1.8109515678637693,0.7199533255542591,1.1741268706965255,0.0,0.0
88275935d3fffff,0.0,0.0,0.030338389731621937,1.0250064347318282e-26,0.0,0.0
88275935dbfffff,0.0,0.0,0.050175029171528586,5.284106066644483e-11,0.0,0.0
8827593683fffff,0.0,0.0,0.09218203033838973,0.00042269837713525027,0.0,0.0
8827593689fffff,0.0,0.0,0.05717619603267212,8.503235123633158e-08,0.0,0.0
882759368bfffff,0.1408517886116265,0.0,0.18436406067677946,1.269767854036454,0.0,0.0
8827593691fffff,0.0,0.0,0.2555425904317386,0.09221229150666688,0.0,0.0
8827593693fffff,0.0,0.0,0.17852975495915988,0.23027269836719513,0.0,0.0
8827593695fffff,0.0,0.0,0.10968494749124853,0.00011800874850850558,0.0,0.0
8827593697fffff,0.0,0.0,0.14819136522753792,0.2941698741768716,0.0,0.0
8827593699fffff,0.1408517886116265,0.0,0.20303383897316218,1.9981417237599925,0.0,0.0
882759369bfffff,0.281703577223253,0.6036505226212564,0.26954492415402564,1.7684456393525927,0.0,0.0
882759369dfffff,0.281703577223253,0.0,0.27537922987164526,0.37025608147359557,0.0,0.0
88275936b1fffff,0.845110731669759,1.2073010452425128,0.6254375729288215,0.9799484060895428,0.0,0.0
88275936b3fffff,0.0,0.0,0.11785297549591599,0.012737192923529128,0.0,0.0
88275936b7fffff,0.563407154446506,1.2073010452425128,0.39906651108518093,1.7301362574596049,0.0,0.0
88275936b9fffff,0.0,0.0,0.1971995332555426,0.02916943640833933,0.0,0.0
88275936bbfffff,0.281703577223253,0.6036505226212564,0.2427071178529755,2.48831675008072,0.0,0.0
88275936bdfffff,0.0,0.0,0.0676779463243874,9.253765062147519e-07,0.0,0.0
88275936c1fffff,0.0,0.0,0.021003500583430573,1.0538524918449414e-31,0.0,0.0
88275936c3fffff,0.1408517886116265,0.0,0.15869311551925322,0.621743961372098,0.0,0.0
88275936cbfffff,0.1408517886116265,0.6036505226212564,0.22403733955659277,2.619007988213422,0.0,0.0
88275936d1fffff,0.0,0.0,0.06417736289381563,5.236281708964048e-07,0.0,0.0
88275936d3fffff,0.281703577223253,0.0,0.23920653442240372,0.730740597802168,0.0,0.0
88275936d5fffff,0.1408517886116265,0.0,0.48774795799299886,0.45612502645219455,0.0,0.0
88275936d7fffff,0.281703577223253,0.0,0.2718786464410735,0.8094893522409516,0.0,0.0
88275936dbfffff,0.0,0.0,0.07234539089848308,5.160841996335402e-06,0.0,0.0
88275936ddfffff,0.281703577223253,0.6036505226212564,0.3185530921820303,1.6967797204921025,0.0,0.0
